Year,Institute,Percentile_Band,Band_Lo,Band_Hi,Funded_Total,Applications_Total,Funding_Rate,Band_Share_of_Apps
2014,ALL NIH,1-5,1,5,1380.0,1409.0,0.9794,0.1069
2014,ALL NIH,6-10,6,10,1452.0,1504.0,0.9654,0.1141
2014,ALL NIH,11-15,11,15,1009.0,1255.0,0.804,0.0952
2014,ALL NIH,16-20,16,20,604.0,1192.0,0.5067,0.0905
2014,ALL NIH,21-25,21,25,315.0,1213.0,0.2597,0.0921
2014,ALL NIH,26+,26,99,185.0,6604.0,0.028,0.5012
2014,NCI,1-5,1,5,196.0,201.0,0.9751,0.1027
2014,NCI,6-10,6,10,215.0,226.0,0.9513,0.1154
2014,NCI,11-15,11,15,129.0,182.0,0.7088,0.093
2014,NCI,16-20,16,20,28.0,146.0,0.1918,0.0746
2014,NCI,21-25,21,25,6.0,190.0,0.0316,0.097
2014,NCI,26+,26,99,1.0,1013.0,0.001,0.5174
2014,NEI,1-5,1,5,37.0,37.0,1.0,0.0892
2014,NEI,6-10,6,10,54.0,54.0,1.0,0.1301
2014,NEI,11-15,11,15,32.0,34.0,0.9412,0.0819
2014,NEI,16-20,16,20,30.0,37.0,0.8108,0.0892
2014,NEI,21-25,21,25,29.0,41.0,0.7073,0.0988
2014,NEI,26+,26,99,33.0,212.0,0.1557,0.5108
2014,NHGRI,1-5,1,5,8.0,8.0,1.0,0.127
2014,NHGRI,6-10,6,10,5.0,5.0,1.0,0.0794
2014,NHGRI,11-15,11,15,5.0,6.0,0.8333,0.0952
2014,NHGRI,16-20,16,20,8.0,8.0,1.0,0.127
2014,NHGRI,21-25,21,25,4.0,9.0,0.4444,0.1429
2014,NHGRI,26+,26,99,1.0,27.0,0.037,0.4286
2014,NHLBI,1-5,1,5,164.0,174.0,0.9425,0.109
2014,NHLBI,6-10,6,10,172.0,179.0,0.9609,0.1121
2014,NHLBI,11-15,11,15,102.0,153.0,0.6667,0.0958
2014,NHLBI,16-20,16,20,48.0,154.0,0.3117,0.0964
2014,NHLBI,21-25,21,25,28.0,141.0,0.1986,0.0883
2014,NHLBI,26+,26,99,14.0,796.0,0.0176,0.4984
2014,NIA,1-5,1,5,52.0,52.0,1.0,0.0949
2014,NIA,6-10,6,10,55.0,56.0,0.9821,0.1022
2014,NIA,11-15,11,15,28.0,46.0,0.6087,0.0839
2014,NIA,16-20,16,20,15.0,42.0,0.3571,0.0766
2014,NIA,21-25,21,25,5.0,55.0,0.0909,0.1004
2014,NIA,26+,26,99,0.0,297.0,0.0,0.542
2014,NIAAA,1-5,1,5,18.0,19.0,0.9474,0.0927
2014,NIAAA,6-10,6,10,28.0,29.0,0.9655,0.1415
2014,NIAAA,11-15,11,15,19.0,22.0,0.8636,0.1073
2014,NIAAA,16-20,16,20,10.0,19.0,0.5263,0.0927
2014,NIAAA,21-25,21,25,9.0,17.0,0.5294,0.0829
2014,NIAAA,26+,26,99,3.0,99.0,0.0303,0.4829
2014,NIAID,1-5,1,5,147.0,153.0,0.9608,0.1305
2014,NIAID,6-10,6,10,130.0,131.0,0.9924,0.1118
2014,NIAID,11-15,11,15,85.0,96.0,0.8854,0.0819
2014,NIAID,16-20,16,20,78.0,103.0,0.7573,0.0879
2014,NIAID,21-25,21,25,60.0,111.0,0.5405,0.0947
2014,NIAID,26+,26,99,49.0,578.0,0.0848,0.4932
2014,NIAMS,1-5,1,5,42.0,42.0,1.0,0.1007
2014,NIAMS,6-10,6,10,46.0,46.0,1.0,0.1103
2014,NIAMS,11-15,11,15,33.0,36.0,0.9167,0.0863
2014,NIAMS,16-20,16,20,15.0,37.0,0.4054,0.0887
2014,NIAMS,21-25,21,25,0.0,49.0,0.0,0.1175
2014,NIAMS,26+,26,99,0.0,207.0,0.0,0.4964
2014,NICHD,1-5,1,5,87.0,87.0,1.0,0.1137
2014,NICHD,6-10,6,10,57.0,65.0,0.8769,0.085
2014,NICHD,11-15,11,15,20.0,56.0,0.3571,0.0732
2014,NICHD,16-20,16,20,2.0,53.0,0.0377,0.0693
2014,NICHD,21-25,21,25,1.0,71.0,0.0141,0.0928
2014,NICHD,26+,26,99,1.0,433.0,0.0023,0.566
2014,NIDA,1-5,1,5,45.0,47.0,0.9574,0.1155
2014,NIDA,6-10,6,10,38.0,44.0,0.8636,0.1081
2014,NIDA,11-15,11,15,37.0,46.0,0.8043,0.113
2014,NIDA,16-20,16,20,22.0,42.0,0.5238,0.1032
2014,NIDA,21-25,21,25,6.0,40.0,0.15,0.0983
2014,NIDA,26+,26,99,4.0,188.0,0.0213,0.4619
2014,NIDCD,1-5,1,5,19.0,19.0,1.0,0.0864
2014,NIDCD,6-10,6,10,29.0,30.0,0.9667,0.1364
2014,NIDCD,11-15,11,15,28.0,28.0,1.0,0.1273
2014,NIDCD,16-20,16,20,15.0,20.0,0.75,0.0909
2014,NIDCD,21-25,21,25,10.0,18.0,0.5556,0.0818
2014,NIDCD,26+,26,99,5.0,105.0,0.0476,0.4773
2014,NIDCR,1-5,1,5,14.0,14.0,1.0,0.0833
2014,NIDCR,6-10,6,10,16.0,16.0,1.0,0.0952
2014,NIDCR,11-15,11,15,13.0,13.0,1.0,0.0774
2014,NIDCR,16-20,16,20,13.0,18.0,0.7222,0.1071
2014,NIDCR,21-25,21,25,6.0,14.0,0.4286,0.0833
2014,NIDCR,26+,26,99,1.0,93.0,0.0108,0.5536
2014,NIDDK,1-5,1,5,107.0,109.0,0.9817,0.0871
2014,NIDDK,6-10,6,10,166.0,167.0,0.994,0.1334
2014,NIDDK,11-15,11,15,128.0,129.0,0.9922,0.103
2014,NIDDK,16-20,16,20,68.0,116.0,0.5862,0.0927
2014,NIDDK,21-25,21,25,20.0,105.0,0.1905,0.0839
2014,NIDDK,26+,26,99,17.0,626.0,0.0272,0.5
2014,NIGMS,1-5,1,5,179.0,181.0,0.989,0.1114
2014,NIGMS,6-10,6,10,190.0,193.0,0.9845,0.1188
2014,NIGMS,11-15,11,15,175.0,186.0,0.9409,0.1145
2014,NIGMS,16-20,16,20,137.0,174.0,0.7874,0.1071
2014,NIGMS,21-25,21,25,77.0,148.0,0.5203,0.0911
2014,NIGMS,26+,26,99,40.0,743.0,0.0538,0.4572
2014,NIMH,1-5,1,5,68.0,69.0,0.9855,0.1135
2014,NIMH,6-10,6,10,69.0,76.0,0.9079,0.125
2014,NIMH,11-15,11,15,48.0,69.0,0.6957,0.1135
2014,NIMH,16-20,16,20,27.0,53.0,0.5094,0.0872
2014,NIMH,21-25,21,25,9.0,47.0,0.1915,0.0773
2014,NIMH,26+,26,99,3.0,294.0,0.0102,0.4836
2014,NINDS,1-5,1,5,129.0,129.0,1.0,0.1227
2014,NINDS,6-10,6,10,111.0,113.0,0.9823,0.1075
2014,NINDS,11-15,11,15,95.0,100.0,0.95,0.0951
2014,NINDS,16-20,16,20,46.0,96.0,0.4792,0.0913
2014,NINDS,21-25,21,25,26.0,90.0,0.2889,0.0856
2014,NINDS,26+,26,99,5.0,523.0,0.0096,0.4976
2014,NINR,1-5,1,5,14.0,14.0,1.0,0.1333
2014,NINR,6-10,6,10,8.0,9.0,0.8889,0.0857
2014,NINR,11-15,11,15,4.0,7.0,0.5714,0.0667
2014,NINR,16-20,16,20,4.0,10.0,0.4,0.0952
2014,NINR,21-25,21,25,0.0,8.0,0.0,0.0762
2014,NINR,26+,26,99,0.0,57.0,0.0,0.5429
2014,NLM,1-5,1,5,4.0,4.0,1.0,0.0494
2014,NLM,6-10,6,10,5.0,5.0,1.0,0.0617
2014,NLM,11-15,11,15,2.0,6.0,0.3333,0.0741
2014,NLM,16-20,16,20,3.0,4.0,0.75,0.0494
2014,NLM,21-25,21,25,2.0,3.0,0.6667,0.037
2014,NLM,26+,26,99,0.0,59.0,0.0,0.7284
2015,ALL NIH,1-5,1,5,1478.0,1531.0,0.9654,0.1034
2015,ALL NIH,6-10,6,10,1505.0,1566.0,0.961,0.1057
2015,ALL NIH,11-15,11,15,1128.0,1425.0,0.7916,0.0962
2015,ALL NIH,16-20,16,20,674.0,1391.0,0.4845,0.0939
2015,ALL NIH,21-25,21,25,362.0,1352.0,0.2678,0.0913
2015,ALL NIH,26+,26,99,242.0,7544.0,0.0321,0.5094
2015,NCI,1-5,1,5,198.0,204.0,0.9706,0.0878
2015,NCI,6-10,6,10,240.0,252.0,0.9524,0.1084
2015,NCI,11-15,11,15,147.0,222.0,0.6622,0.0955
2015,NCI,16-20,16,20,30.0,203.0,0.1478,0.0873
2015,NCI,21-25,21,25,3.0,222.0,0.0135,0.0955
2015,NCI,26+,26,99,1.0,1221.0,0.0008,0.5254
2015,NEI,1-5,1,5,39.0,41.0,0.9512,0.0874
2015,NEI,6-10,6,10,58.0,58.0,1.0,0.1237
2015,NEI,11-15,11,15,51.0,53.0,0.9623,0.113
2015,NEI,16-20,16,20,26.0,46.0,0.5652,0.0981
2015,NEI,21-25,21,25,11.0,38.0,0.2895,0.081
2015,NEI,26+,26,99,19.0,233.0,0.0815,0.4968
2015,NHGRI,1-5,1,5,8.0,8.0,1.0,0.1429
2015,NHGRI,6-10,6,10,10.0,10.0,1.0,0.1786
2015,NHGRI,11-15,11,15,4.0,5.0,0.8,0.0893
2015,NHGRI,16-20,16,20,2.0,2.0,1.0,0.0357
2015,NHGRI,21-25,21,25,1.0,7.0,0.1429,0.125
2015,NHGRI,26+,26,99,0.0,24.0,0.0,0.4286
2015,NHLBI,1-5,1,5,206.0,212.0,0.9717,0.1165
2015,NHLBI,6-10,6,10,183.0,191.0,0.9581,0.105
2015,NHLBI,11-15,11,15,123.0,162.0,0.7593,0.0891
2015,NHLBI,16-20,16,20,85.0,176.0,0.483,0.0968
2015,NHLBI,21-25,21,25,60.0,146.0,0.411,0.0803
2015,NHLBI,26+,26,99,35.0,932.0,0.0376,0.5124
2015,NIA,1-5,1,5,75.0,75.0,1.0,0.1232
2015,NIA,6-10,6,10,55.0,61.0,0.9016,0.1002
2015,NIA,11-15,11,15,36.0,44.0,0.8182,0.0722
2015,NIA,16-20,16,20,26.0,55.0,0.4727,0.0903
2015,NIA,21-25,21,25,10.0,52.0,0.1923,0.0854
2015,NIA,26+,26,99,13.0,322.0,0.0404,0.5287
2015,NIAAA,1-5,1,5,11.0,13.0,0.8462,0.0657
2015,NIAAA,6-10,6,10,19.0,19.0,1.0,0.096
2015,NIAAA,11-15,11,15,10.0,15.0,0.6667,0.0758
2015,NIAAA,16-20,16,20,14.0,24.0,0.5833,0.1212
2015,NIAAA,21-25,21,25,5.0,18.0,0.2778,0.0909
2015,NIAAA,26+,26,99,1.0,109.0,0.0092,0.5505
2015,NIAID,1-5,1,5,134.0,152.0,0.8816,0.1098
2015,NIAID,6-10,6,10,150.0,150.0,1.0,0.1084
2015,NIAID,11-15,11,15,124.0,138.0,0.8986,0.0997
2015,NIAID,16-20,16,20,83.0,119.0,0.6975,0.086
2015,NIAID,21-25,21,25,35.0,125.0,0.28,0.0903
2015,NIAID,26+,26,99,26.0,700.0,0.0371,0.5058
2015,NIAMS,1-5,1,5,55.0,57.0,0.9649,0.1295
2015,NIAMS,6-10,6,10,55.0,55.0,1.0,0.125
2015,NIAMS,11-15,11,15,34.0,45.0,0.7556,0.1023
2015,NIAMS,16-20,16,20,13.0,41.0,0.3171,0.0932
2015,NIAMS,21-25,21,25,2.0,35.0,0.0571,0.0795
2015,NIAMS,26+,26,99,0.0,207.0,0.0,0.4705
2015,NICHD,1-5,1,5,85.0,88.0,0.9659,0.1035
2015,NICHD,6-10,6,10,66.0,77.0,0.8571,0.0906
2015,NICHD,11-15,11,15,20.0,67.0,0.2985,0.0788
2015,NICHD,16-20,16,20,2.0,64.0,0.0312,0.0753
2015,NICHD,21-25,21,25,0.0,79.0,0.0,0.0929
2015,NICHD,26+,26,99,0.0,475.0,0.0,0.5588
2015,NIDA,1-5,1,5,60.0,63.0,0.9524,0.1413
2015,NIDA,6-10,6,10,45.0,47.0,0.9574,0.1054
2015,NIDA,11-15,11,15,22.0,37.0,0.5946,0.083
2015,NIDA,16-20,16,20,16.0,32.0,0.5,0.0717
2015,NIDA,21-25,21,25,11.0,42.0,0.2619,0.0942
2015,NIDA,26+,26,99,3.0,225.0,0.0133,0.5045
2015,NIDCD,1-5,1,5,26.0,26.0,1.0,0.0996
2015,NIDCD,6-10,6,10,22.0,22.0,1.0,0.0843
2015,NIDCD,11-15,11,15,33.0,33.0,1.0,0.1264
2015,NIDCD,16-20,16,20,17.0,33.0,0.5152,0.1264
2015,NIDCD,21-25,21,25,8.0,24.0,0.3333,0.092
2015,NIDCD,26+,26,99,8.0,123.0,0.065,0.4713
2015,NIDCR,1-5,1,5,12.0,12.0,1.0,0.0632
2015,NIDCR,6-10,6,10,17.0,17.0,1.0,0.0895
2015,NIDCR,11-15,11,15,15.0,15.0,1.0,0.0789
2015,NIDCR,16-20,16,20,16.0,23.0,0.6957,0.1211
2015,NIDCR,21-25,21,25,4.0,17.0,0.2353,0.0895
2015,NIDCR,26+,26,99,1.0,106.0,0.0094,0.5579
2015,NIDDK,1-5,1,5,136.0,139.0,0.9784,0.0993
2015,NIDDK,6-10,6,10,143.0,145.0,0.9862,0.1036
2015,NIDDK,11-15,11,15,96.0,118.0,0.8136,0.0843
2015,NIDDK,16-20,16,20,58.0,153.0,0.3791,0.1093
2015,NIDDK,21-25,21,25,26.0,135.0,0.1926,0.0964
2015,NIDDK,26+,26,99,19.0,710.0,0.0268,0.5071
2015,NIGMS,1-5,1,5,172.0,176.0,0.9773,0.1004
2015,NIGMS,6-10,6,10,174.0,186.0,0.9355,0.1061
2015,NIGMS,11-15,11,15,176.0,191.0,0.9215,0.109
2015,NIGMS,16-20,16,20,172.0,192.0,0.8958,0.1095
2015,NIGMS,21-25,21,25,126.0,172.0,0.7326,0.0981
2015,NIGMS,26+,26,99,97.0,836.0,0.116,0.4769
2015,NIMH,1-5,1,5,55.0,57.0,0.9649,0.0889
2015,NIMH,6-10,6,10,61.0,65.0,0.9385,0.1014
2015,NIMH,11-15,11,15,64.0,74.0,0.8649,0.1154
2015,NIMH,16-20,16,20,38.0,58.0,0.6552,0.0905
2015,NIMH,21-25,21,25,12.0,59.0,0.2034,0.092
2015,NIMH,26+,26,99,4.0,328.0,0.0122,0.5117
2015,NINDS,1-5,1,5,148.0,149.0,0.9933,0.1228
2015,NINDS,6-10,6,10,137.0,139.0,0.9856,0.1146
2015,NINDS,11-15,11,15,132.0,138.0,0.9565,0.1138
2015,NINDS,16-20,16,20,56.0,104.0,0.5385,0.0857
2015,NINDS,21-25,21,25,37.0,107.0,0.3458,0.0882
2015,NINDS,26+,26,99,1.0,576.0,0.0017,0.4749
2015,NINR,1-5,1,5,4.0,4.0,1.0,0.04
2015,NINR,6-10,6,10,9.0,9.0,1.0,0.09
2015,NINR,11-15,11,15,9.0,12.0,0.75,0.12
2015,NINR,16-20,16,20,0.0,7.0,0.0,0.07
2015,NINR,21-25,21,25,3.0,12.0,0.25,0.12
2015,NINR,26+,26,99,0.0,56.0,0.0,0.56
2015,NLM,1-5,1,5,2.0,2.0,1.0,0.0299
2015,NLM,6-10,6,10,5.0,5.0,1.0,0.0746
2015,NLM,11-15,11,15,4.0,5.0,0.8,0.0746
2015,NLM,16-20,16,20,3.0,4.0,0.75,0.0597
2015,NLM,21-25,21,25,0.0,1.0,0.0,0.0149
2015,NLM,26+,26,99,2.0,50.0,0.04,0.7463
2016,ALL NIH,1-5,1,5,1657.0,1693.0,0.9787,0.1111
2016,ALL NIH,6-10,6,10,1623.0,1666.0,0.9742,0.1093
2016,ALL NIH,11-15,11,15,1207.0,1548.0,0.7797,0.1016
2016,ALL NIH,16-20,16,20,703.0,1379.0,0.5098,0.0905
2016,ALL NIH,21-25,21,25,351.0,1336.0,0.2627,0.0877
2016,ALL NIH,26+,26,99,273.0,7617.0,0.0358,0.4998
2016,NCI,1-5,1,5,288.0,292.0,0.9863,0.1186
2016,NCI,6-10,6,10,253.0,258.0,0.9806,0.1048
2016,NCI,11-15,11,15,98.0,265.0,0.3698,0.1076
2016,NCI,16-20,16,20,10.0,211.0,0.0474,0.0857
2016,NCI,21-25,21,25,0.0,211.0,0.0,0.0857
2016,NCI,26+,26,99,0.0,1226.0,0.0,0.4978
2016,NEI,1-5,1,5,60.0,60.0,1.0,0.122
2016,NEI,6-10,6,10,44.0,45.0,0.9778,0.0915
2016,NEI,11-15,11,15,48.0,48.0,1.0,0.0976
2016,NEI,16-20,16,20,45.0,52.0,0.8654,0.1057
2016,NEI,21-25,21,25,32.0,46.0,0.6957,0.0935
2016,NEI,26+,26,99,19.0,241.0,0.0788,0.4898
2016,NHGRI,1-5,1,5,9.0,9.0,1.0,0.1233
2016,NHGRI,6-10,6,10,11.0,11.0,1.0,0.1507
2016,NHGRI,11-15,11,15,5.0,7.0,0.7143,0.0959
2016,NHGRI,16-20,16,20,2.0,7.0,0.2857,0.0959
2016,NHGRI,21-25,21,25,1.0,2.0,0.5,0.0274
2016,NHGRI,26+,26,99,0.0,37.0,0.0,0.5068
2016,NHLBI,1-5,1,5,177.0,179.0,0.9888,0.1031
2016,NHLBI,6-10,6,10,188.0,189.0,0.9947,0.1089
2016,NHLBI,11-15,11,15,199.0,206.0,0.966,0.1187
2016,NHLBI,16-20,16,20,98.0,152.0,0.6447,0.0876
2016,NHLBI,21-25,21,25,61.0,147.0,0.415,0.0847
2016,NHLBI,26+,26,99,57.0,863.0,0.066,0.4971
2016,NIA,1-5,1,5,79.0,80.0,0.9875,0.1235
2016,NIA,6-10,6,10,52.0,55.0,0.9455,0.0849
2016,NIA,11-15,11,15,40.0,50.0,0.8,0.0772
2016,NIA,16-20,16,20,40.0,53.0,0.7547,0.0818
2016,NIA,21-25,21,25,28.0,56.0,0.5,0.0864
2016,NIA,26+,26,99,24.0,354.0,0.0678,0.5463
2016,NIAAA,1-5,1,5,22.0,22.0,1.0,0.0957
2016,NIAAA,6-10,6,10,24.0,27.0,0.8889,0.1174
2016,NIAAA,11-15,11,15,22.0,25.0,0.88,0.1087
2016,NIAAA,16-20,16,20,14.0,21.0,0.6667,0.0913
2016,NIAAA,21-25,21,25,4.0,24.0,0.1667,0.1043
2016,NIAAA,26+,26,99,0.0,111.0,0.0,0.4826
2016,NIAID,1-5,1,5,191.0,196.0,0.9745,0.1316
2016,NIAID,6-10,6,10,182.0,183.0,0.9945,0.1229
2016,NIAID,11-15,11,15,128.0,130.0,0.9846,0.0873
2016,NIAID,16-20,16,20,95.0,120.0,0.7917,0.0806
2016,NIAID,21-25,21,25,37.0,133.0,0.2782,0.0893
2016,NIAID,26+,26,99,44.0,727.0,0.0605,0.4882
2016,NIAMS,1-5,1,5,60.0,60.0,1.0,0.1261
2016,NIAMS,6-10,6,10,56.0,57.0,0.9825,0.1197
2016,NIAMS,11-15,11,15,34.0,45.0,0.7556,0.0945
2016,NIAMS,16-20,16,20,14.0,48.0,0.2917,0.1008
2016,NIAMS,21-25,21,25,0.0,35.0,0.0,0.0735
2016,NIAMS,26+,26,99,0.0,231.0,0.0,0.4853
2016,NICHD,1-5,1,5,106.0,107.0,0.9907,0.1213
2016,NICHD,6-10,6,10,85.0,88.0,0.9659,0.0998
2016,NICHD,11-15,11,15,18.0,83.0,0.2169,0.0941
2016,NICHD,16-20,16,20,4.0,72.0,0.0556,0.0816
2016,NICHD,21-25,21,25,0.0,88.0,0.0,0.0998
2016,NICHD,26+,26,99,0.0,444.0,0.0,0.5034
2016,NIDA,1-5,1,5,41.0,44.0,0.9318,0.0915
2016,NIDA,6-10,6,10,33.0,38.0,0.8684,0.079
2016,NIDA,11-15,11,15,20.0,38.0,0.5263,0.079
2016,NIDA,16-20,16,20,18.0,50.0,0.36,0.104
2016,NIDA,21-25,21,25,2.0,46.0,0.0435,0.0956
2016,NIDA,26+,26,99,2.0,265.0,0.0075,0.5509
2016,NIDCD,1-5,1,5,44.0,44.0,1.0,0.1555
2016,NIDCD,6-10,6,10,42.0,42.0,1.0,0.1484
2016,NIDCD,11-15,11,15,31.0,31.0,1.0,0.1095
2016,NIDCD,16-20,16,20,17.0,20.0,0.85,0.0707
2016,NIDCD,21-25,21,25,10.0,19.0,0.5263,0.0671
2016,NIDCD,26+,26,99,3.0,127.0,0.0236,0.4488
2016,NIDCR,1-5,1,5,19.0,19.0,1.0,0.0984
2016,NIDCR,6-10,6,10,20.0,20.0,1.0,0.1036
2016,NIDCR,11-15,11,15,14.0,15.0,0.9333,0.0777
2016,NIDCR,16-20,16,20,7.0,14.0,0.5,0.0725
2016,NIDCR,21-25,21,25,4.0,18.0,0.2222,0.0933
2016,NIDCR,26+,26,99,2.0,107.0,0.0187,0.5544
2016,NIDDK,1-5,1,5,145.0,146.0,0.9932,0.1035
2016,NIDDK,6-10,6,10,195.0,196.0,0.9949,0.1389
2016,NIDDK,11-15,11,15,128.0,151.0,0.8477,0.107
2016,NIDDK,16-20,16,20,43.0,109.0,0.3945,0.0773
2016,NIDDK,21-25,21,25,11.0,112.0,0.0982,0.0794
2016,NIDDK,26+,26,99,13.0,697.0,0.0187,0.494
2016,NIGMS,1-5,1,5,138.0,151.0,0.9139,0.0949
2016,NIGMS,6-10,6,10,143.0,156.0,0.9167,0.0981
2016,NIGMS,11-15,11,15,155.0,167.0,0.9281,0.105
2016,NIGMS,16-20,16,20,160.0,181.0,0.884,0.1138
2016,NIGMS,21-25,21,25,107.0,158.0,0.6772,0.0993
2016,NIGMS,26+,26,99,84.0,778.0,0.108,0.489
2016,NIMH,1-5,1,5,72.0,73.0,0.9863,0.1066
2016,NIMH,6-10,6,10,83.0,85.0,0.9765,0.1241
2016,NIMH,11-15,11,15,75.0,76.0,0.9868,0.1109
2016,NIMH,16-20,16,20,41.0,66.0,0.6212,0.0964
2016,NIMH,21-25,21,25,9.0,53.0,0.1698,0.0774
2016,NIMH,26+,26,99,6.0,332.0,0.0181,0.4847
2016,NIMHD,1-5,1,5,4.0,4.0,1.0,0.0635
2016,NIMHD,6-10,6,10,4.0,5.0,0.8,0.0794
2016,NIMHD,11-15,11,15,4.0,5.0,0.8,0.0794
2016,NIMHD,16-20,16,20,10.0,12.0,0.8333,0.1905
2016,NIMHD,21-25,21,25,7.0,9.0,0.7778,0.1429
2016,NIMHD,26+,26,99,4.0,28.0,0.1429,0.4444
2016,NINDS,1-5,1,5,129.0,132.0,0.9773,0.1065
2016,NINDS,6-10,6,10,137.0,137.0,1.0,0.1105
2016,NINDS,11-15,11,15,121.0,121.0,1.0,0.0976
2016,NINDS,16-20,16,20,58.0,119.0,0.4874,0.096
2016,NINDS,21-25,21,25,31.0,125.0,0.248,0.1008
2016,NINDS,26+,26,99,0.0,606.0,0.0,0.4887
2016,NINR,1-5,1,5,13.0,14.0,0.9286,0.1069
2016,NINR,6-10,6,10,12.0,12.0,1.0,0.0916
2016,NINR,11-15,11,15,8.0,12.0,0.6667,0.0916
2016,NINR,16-20,16,20,1.0,7.0,0.1429,0.0534
2016,NINR,21-25,21,25,0.0,7.0,0.0,0.0534
2016,NINR,26+,26,99,0.0,79.0,0.0,0.6031
2016,NLM,1-5,1,5,4.0,5.0,0.8,0.0704
2016,NLM,6-10,6,10,4.0,6.0,0.6667,0.0845
2016,NLM,11-15,11,15,3.0,4.0,0.75,0.0563
2016,NLM,16-20,16,20,1.0,3.0,0.3333,0.0423
2016,NLM,21-25,21,25,0.0,3.0,0.0,0.0423
2016,NLM,26+,26,99,0.0,50.0,0.0,0.7042
2017,ALL NIH,1-5,1,5,1641.0,1687.0,0.9727,0.1106
2017,ALL NIH,6-10,6,10,1564.0,1613.0,0.9696,0.1058
2017,ALL NIH,11-15,11,15,1091.0,1444.0,0.7555,0.0947
2017,ALL NIH,16-20,16,20,646.0,1366.0,0.4729,0.0896
2017,ALL NIH,21-25,21,25,417.0,1337.0,0.3119,0.0877
2017,ALL NIH,26+,26,99,328.0,7804.0,0.042,0.5117
2017,NCI,1-5,1,5,284.0,285.0,0.9965,0.1059
2017,NCI,6-10,6,10,278.0,284.0,0.9789,0.1055
2017,NCI,11-15,11,15,68.0,247.0,0.2753,0.0918
2017,NCI,16-20,16,20,13.0,241.0,0.0539,0.0895
2017,NCI,21-25,21,25,1.0,243.0,0.0041,0.0903
2017,NCI,26+,26,99,0.0,1392.0,0.0,0.5171
2017,NEI,1-5,1,5,39.0,39.0,1.0,0.0796
2017,NEI,6-10,6,10,56.0,56.0,1.0,0.1143
2017,NEI,11-15,11,15,40.0,40.0,1.0,0.0816
2017,NEI,16-20,16,20,41.0,47.0,0.8723,0.0959
2017,NEI,21-25,21,25,33.0,44.0,0.75,0.0898
2017,NEI,26+,26,99,36.0,264.0,0.1364,0.5388
2017,NHGRI,1-5,1,5,13.0,13.0,1.0,0.1711
2017,NHGRI,6-10,6,10,8.0,8.0,1.0,0.1053
2017,NHGRI,11-15,11,15,9.0,9.0,1.0,0.1184
2017,NHGRI,16-20,16,20,1.0,6.0,0.1667,0.0789
2017,NHGRI,21-25,21,25,0.0,6.0,0.0,0.0789
2017,NHGRI,26+,26,99,1.0,34.0,0.0294,0.4474
2017,NHLBI,1-5,1,5,163.0,164.0,0.9939,0.0968
2017,NHLBI,6-10,6,10,180.0,182.0,0.989,0.1074
2017,NHLBI,11-15,11,15,189.0,191.0,0.9895,0.1127
2017,NHLBI,16-20,16,20,91.0,154.0,0.5909,0.0909
2017,NHLBI,21-25,21,25,71.0,157.0,0.4522,0.0926
2017,NHLBI,26+,26,99,51.0,847.0,0.0602,0.4997
2017,NIA,1-5,1,5,37.0,38.0,0.9737,0.0526
2017,NIA,6-10,6,10,52.0,53.0,0.9811,0.0733
2017,NIA,11-15,11,15,62.0,65.0,0.9538,0.0899
2017,NIA,16-20,16,20,53.0,61.0,0.8689,0.0844
2017,NIA,21-25,21,25,54.0,73.0,0.7397,0.101
2017,NIA,26+,26,99,69.0,433.0,0.1594,0.5989
2017,NIAAA,1-5,1,5,14.0,14.0,1.0,0.0664
2017,NIAAA,6-10,6,10,20.0,25.0,0.8,0.1185
2017,NIAAA,11-15,11,15,13.0,18.0,0.7222,0.0853
2017,NIAAA,16-20,16,20,16.0,27.0,0.5926,0.128
2017,NIAAA,21-25,21,25,10.0,21.0,0.4762,0.0995
2017,NIAAA,26+,26,99,1.0,106.0,0.0094,0.5024
2017,NIAID,1-5,1,5,172.0,177.0,0.9718,0.121
2017,NIAID,6-10,6,10,176.0,178.0,0.9888,0.1217
2017,NIAID,11-15,11,15,100.0,132.0,0.7576,0.0902
2017,NIAID,16-20,16,20,69.0,133.0,0.5188,0.0909
2017,NIAID,21-25,21,25,31.0,109.0,0.2844,0.0745
2017,NIAID,26+,26,99,16.0,734.0,0.0218,0.5017
2017,NIAMS,1-5,1,5,56.0,57.0,0.9825,0.1203
2017,NIAMS,6-10,6,10,52.0,52.0,1.0,0.1097
2017,NIAMS,11-15,11,15,38.0,47.0,0.8085,0.0992
2017,NIAMS,16-20,16,20,11.0,40.0,0.275,0.0844
2017,NIAMS,21-25,21,25,0.0,39.0,0.0,0.0823
2017,NIAMS,26+,26,99,2.0,239.0,0.0084,0.5042
2017,NICHD,1-5,1,5,114.0,115.0,0.9913,0.1366
2017,NICHD,6-10,6,10,88.0,91.0,0.967,0.1081
2017,NICHD,11-15,11,15,20.0,42.0,0.4762,0.0499
2017,NICHD,16-20,16,20,9.0,65.0,0.1385,0.0772
2017,NICHD,21-25,21,25,7.0,77.0,0.0909,0.0914
2017,NICHD,26+,26,99,0.0,452.0,0.0,0.5368
2017,NIDA,1-5,1,5,55.0,62.0,0.8871,0.1305
2017,NIDA,6-10,6,10,44.0,51.0,0.8627,0.1074
2017,NIDA,11-15,11,15,33.0,40.0,0.825,0.0842
2017,NIDA,16-20,16,20,12.0,34.0,0.3529,0.0716
2017,NIDA,21-25,21,25,10.0,38.0,0.2632,0.08
2017,NIDA,26+,26,99,9.0,250.0,0.036,0.5263
2017,NIDCD,1-5,1,5,29.0,30.0,0.9667,0.1136
2017,NIDCD,6-10,6,10,30.0,30.0,1.0,0.1136
2017,NIDCD,11-15,11,15,31.0,32.0,0.9688,0.1212
2017,NIDCD,16-20,16,20,13.0,22.0,0.5909,0.0833
2017,NIDCD,21-25,21,25,8.0,23.0,0.3478,0.0871
2017,NIDCD,26+,26,99,13.0,127.0,0.1024,0.4811
2017,NIDCR,1-5,1,5,26.0,27.0,0.963,0.1378
2017,NIDCR,6-10,6,10,23.0,23.0,1.0,0.1173
2017,NIDCR,11-15,11,15,16.0,20.0,0.8,0.102
2017,NIDCR,16-20,16,20,9.0,17.0,0.5294,0.0867
2017,NIDCR,21-25,21,25,5.0,16.0,0.3125,0.0816
2017,NIDCR,26+,26,99,1.0,93.0,0.0108,0.4745
2017,NIDDK,1-5,1,5,158.0,164.0,0.9634,0.1252
2017,NIDDK,6-10,6,10,124.0,129.0,0.9612,0.0985
2017,NIDDK,11-15,11,15,95.0,136.0,0.6985,0.1038
2017,NIDDK,16-20,16,20,36.0,113.0,0.3186,0.0863
2017,NIDDK,21-25,21,25,13.0,119.0,0.1092,0.0908
2017,NIDDK,26+,26,99,9.0,649.0,0.0139,0.4954
2017,NIGMS,1-5,1,5,174.0,188.0,0.9255,0.1176
2017,NIGMS,6-10,6,10,175.0,184.0,0.9511,0.1151
2017,NIGMS,11-15,11,15,166.0,180.0,0.9222,0.1126
2017,NIGMS,16-20,16,20,145.0,160.0,0.9062,0.1001
2017,NIGMS,21-25,21,25,91.0,136.0,0.6691,0.0851
2017,NIGMS,26+,26,99,80.0,750.0,0.1067,0.4693
2017,NIMH,1-5,1,5,63.0,65.0,0.9692,0.1032
2017,NIMH,6-10,6,10,57.0,60.0,0.95,0.0952
2017,NIMH,11-15,11,15,50.0,59.0,0.8475,0.0937
2017,NIMH,16-20,16,20,48.0,62.0,0.7742,0.0984
2017,NIMH,21-25,21,25,24.0,53.0,0.4528,0.0841
2017,NIMH,26+,26,99,11.0,331.0,0.0332,0.5254
2017,NIMHD,1-5,1,5,9.0,9.0,1.0,0.0874
2017,NIMHD,6-10,6,10,9.0,10.0,0.9,0.0971
2017,NIMHD,11-15,11,15,12.0,13.0,0.9231,0.1262
2017,NIMHD,16-20,16,20,6.0,8.0,0.75,0.0777
2017,NIMHD,21-25,21,25,8.0,10.0,0.8,0.0971
2017,NIMHD,26+,26,99,13.0,53.0,0.2453,0.5146
2017,NINDS,1-5,1,5,172.0,177.0,0.9718,0.1388
2017,NINDS,6-10,6,10,117.0,118.0,0.9915,0.0925
2017,NINDS,11-15,11,15,100.0,112.0,0.8929,0.0878
2017,NINDS,16-20,16,20,43.0,104.0,0.4135,0.0816
2017,NINDS,21-25,21,25,34.0,102.0,0.3333,0.08
2017,NINDS,26+,26,99,4.0,662.0,0.006,0.5192
2017,NINR,1-5,1,5,14.0,14.0,1.0,0.1045
2017,NINR,6-10,6,10,10.0,13.0,0.7692,0.097
2017,NINR,11-15,11,15,5.0,8.0,0.625,0.0597
2017,NINR,16-20,16,20,0.0,13.0,0.0,0.097
2017,NINR,21-25,21,25,1.0,8.0,0.125,0.0597
2017,NINR,26+,26,99,0.0,78.0,0.0,0.5821
2017,NLM,1-5,1,5,6.0,6.0,1.0,0.0769
2017,NLM,6-10,6,10,5.0,5.0,1.0,0.0641
2017,NLM,11-15,11,15,2.0,2.0,1.0,0.0256
2017,NLM,16-20,16,20,1.0,4.0,0.25,0.0513
2017,NLM,21-25,21,25,2.0,8.0,0.25,0.1026
2017,NLM,26+,26,99,1.0,53.0,0.0189,0.6795
2018,ALL NIH,1-5,1,5,1558.0,1582.0,0.9848,0.1031
2018,ALL NIH,6-10,6,10,1614.0,1691.0,0.9545,0.1102
2018,ALL NIH,11-15,11,15,1175.0,1536.0,0.765,0.1001
2018,ALL NIH,16-20,16,20,776.0,1426.0,0.5442,0.0929
2018,ALL NIH,21-25,21,25,470.0,1300.0,0.3615,0.0847
2018,ALL NIH,26+,26,99,445.0,7812.0,0.057,0.509
2018,NCI,1-5,1,5,320.0,321.0,0.9969,0.1062
2018,NCI,6-10,6,10,276.0,309.0,0.8932,0.1022
2018,NCI,11-15,11,15,60.0,285.0,0.2105,0.0943
2018,NCI,16-20,16,20,11.0,280.0,0.0393,0.0926
2018,NCI,21-25,21,25,1.0,278.0,0.0036,0.092
2018,NCI,26+,26,99,0.0,1550.0,0.0,0.5127
2018,NEI,1-5,1,5,39.0,39.0,1.0,0.0922
2018,NEI,6-10,6,10,42.0,43.0,0.9767,0.1017
2018,NEI,11-15,11,15,54.0,54.0,1.0,0.1277
2018,NEI,16-20,16,20,37.0,37.0,1.0,0.0875
2018,NEI,21-25,21,25,29.0,33.0,0.8788,0.078
2018,NEI,26+,26,99,33.0,217.0,0.1521,0.513
2018,NHGRI,1-5,1,5,12.0,12.0,1.0,0.1463
2018,NHGRI,6-10,6,10,14.0,14.0,1.0,0.1707
2018,NHGRI,11-15,11,15,3.0,4.0,0.75,0.0488
2018,NHGRI,16-20,16,20,7.0,8.0,0.875,0.0976
2018,NHGRI,21-25,21,25,4.0,5.0,0.8,0.061
2018,NHGRI,26+,26,99,1.0,39.0,0.0256,0.4756
2018,NHLBI,1-5,1,5,164.0,166.0,0.988,0.1012
2018,NHLBI,6-10,6,10,180.0,185.0,0.973,0.1127
2018,NHLBI,11-15,11,15,170.0,173.0,0.9827,0.1054
2018,NHLBI,16-20,16,20,115.0,161.0,0.7143,0.0981
2018,NHLBI,21-25,21,25,70.0,144.0,0.4861,0.0878
2018,NHLBI,26+,26,99,74.0,812.0,0.0911,0.4948
2018,NIA,1-5,1,5,39.0,40.0,0.975,0.0623
2018,NIA,6-10,6,10,37.0,37.0,1.0,0.0576
2018,NIA,11-15,11,15,47.0,49.0,0.9592,0.0763
2018,NIA,16-20,16,20,54.0,54.0,1.0,0.0841
2018,NIA,21-25,21,25,45.0,53.0,0.8491,0.0826
2018,NIA,26+,26,99,97.0,409.0,0.2372,0.6371
2018,NIAAA,1-5,1,5,20.0,20.0,1.0,0.0901
2018,NIAAA,6-10,6,10,21.0,22.0,0.9545,0.0991
2018,NIAAA,11-15,11,15,28.0,30.0,0.9333,0.1351
2018,NIAAA,16-20,16,20,21.0,24.0,0.875,0.1081
2018,NIAAA,21-25,21,25,15.0,20.0,0.75,0.0901
2018,NIAAA,26+,26,99,5.0,106.0,0.0472,0.4775
2018,NIAID,1-5,1,5,182.0,183.0,0.9945,0.1197
2018,NIAID,6-10,6,10,215.0,217.0,0.9908,0.1419
2018,NIAID,11-15,11,15,118.0,130.0,0.9077,0.085
2018,NIAID,16-20,16,20,99.0,140.0,0.7071,0.0916
2018,NIAID,21-25,21,25,34.0,105.0,0.3238,0.0687
2018,NIAID,26+,26,99,22.0,754.0,0.0292,0.4931
2018,NIAMS,1-5,1,5,41.0,41.0,1.0,0.0895
2018,NIAMS,6-10,6,10,64.0,64.0,1.0,0.1397
2018,NIAMS,11-15,11,15,27.0,48.0,0.5625,0.1048
2018,NIAMS,16-20,16,20,11.0,41.0,0.2683,0.0895
2018,NIAMS,21-25,21,25,5.0,38.0,0.1316,0.083
2018,NIAMS,26+,26,99,2.0,226.0,0.0088,0.4934
2018,NICHD,1-5,1,5,104.0,104.0,1.0,0.1347
2018,NICHD,6-10,6,10,84.0,89.0,0.9438,0.1153
2018,NICHD,11-15,11,15,58.0,72.0,0.8056,0.0933
2018,NICHD,16-20,16,20,34.0,57.0,0.5965,0.0738
2018,NICHD,21-25,21,25,14.0,52.0,0.2692,0.0674
2018,NICHD,26+,26,99,1.0,398.0,0.0025,0.5155
2018,NIDA,1-5,1,5,41.0,44.0,0.9318,0.1014
2018,NIDA,6-10,6,10,35.0,40.0,0.875,0.0922
2018,NIDA,11-15,11,15,23.0,32.0,0.7188,0.0737
2018,NIDA,16-20,16,20,18.0,46.0,0.3913,0.106
2018,NIDA,21-25,21,25,9.0,37.0,0.2432,0.0853
2018,NIDA,26+,26,99,6.0,235.0,0.0255,0.5415
2018,NIDCD,1-5,1,5,33.0,33.0,1.0,0.115
2018,NIDCD,6-10,6,10,32.0,34.0,0.9412,0.1185
2018,NIDCD,11-15,11,15,31.0,32.0,0.9688,0.1115
2018,NIDCD,16-20,16,20,24.0,29.0,0.8276,0.101
2018,NIDCD,21-25,21,25,8.0,17.0,0.4706,0.0592
2018,NIDCD,26+,26,99,7.0,142.0,0.0493,0.4948
2018,NIDCR,1-5,1,5,19.0,19.0,1.0,0.0984
2018,NIDCR,6-10,6,10,26.0,28.0,0.9286,0.1451
2018,NIDCR,11-15,11,15,24.0,25.0,0.96,0.1295
2018,NIDCR,16-20,16,20,4.0,10.0,0.4,0.0518
2018,NIDCR,21-25,21,25,3.0,11.0,0.2727,0.057
2018,NIDCR,26+,26,99,0.0,100.0,0.0,0.5181
2018,NIDDK,1-5,1,5,162.0,163.0,0.9939,0.1226
2018,NIDDK,6-10,6,10,147.0,148.0,0.9932,0.1113
2018,NIDDK,11-15,11,15,102.0,130.0,0.7846,0.0977
2018,NIDDK,16-20,16,20,63.0,124.0,0.5081,0.0932
2018,NIDDK,21-25,21,25,25.0,122.0,0.2049,0.0917
2018,NIDDK,26+,26,99,22.0,643.0,0.0342,0.4835
2018,NIGMS,1-5,1,5,121.0,133.0,0.9098,0.0934
2018,NIGMS,6-10,6,10,129.0,142.0,0.9085,0.0997
2018,NIGMS,11-15,11,15,136.0,151.0,0.9007,0.106
2018,NIGMS,16-20,16,20,120.0,144.0,0.8333,0.1011
2018,NIGMS,21-25,21,25,111.0,149.0,0.745,0.1046
2018,NIGMS,26+,26,99,106.0,705.0,0.1504,0.4951
2018,NIMH,1-5,1,5,57.0,59.0,0.9661,0.0873
2018,NIMH,6-10,6,10,69.0,72.0,0.9583,0.1065
2018,NIMH,11-15,11,15,58.0,71.0,0.8169,0.105
2018,NIMH,16-20,16,20,38.0,59.0,0.6441,0.0873
2018,NIMH,21-25,21,25,39.0,73.0,0.5342,0.108
2018,NIMH,26+,26,99,24.0,342.0,0.0702,0.5059
2018,NIMHD,1-5,1,5,3.0,3.0,1.0,0.03
2018,NIMHD,6-10,6,10,5.0,5.0,1.0,0.05
2018,NIMHD,11-15,11,15,5.0,6.0,0.8333,0.06
2018,NIMHD,16-20,16,20,3.0,6.0,0.5,0.06
2018,NIMHD,21-25,21,25,3.0,9.0,0.3333,0.09
2018,NIMHD,26+,26,99,6.0,71.0,0.0845,0.71
2018,NINDS,1-5,1,5,150.0,150.0,1.0,0.11
2018,NINDS,6-10,6,10,163.0,165.0,0.9879,0.121
2018,NINDS,11-15,11,15,175.0,179.0,0.9777,0.1312
2018,NINDS,16-20,16,20,58.0,120.0,0.4833,0.088
2018,NINDS,21-25,21,25,29.0,94.0,0.3085,0.0689
2018,NINDS,26+,26,99,8.0,656.0,0.0122,0.4809
2018,NINR,1-5,1,5,6.0,6.0,1.0,0.0417
2018,NINR,6-10,6,10,13.0,13.0,1.0,0.0903
2018,NINR,11-15,11,15,12.0,16.0,0.75,0.1111
2018,NINR,16-20,16,20,6.0,8.0,0.75,0.0556
2018,NINR,21-25,21,25,4.0,12.0,0.3333,0.0833
2018,NINR,26+,26,99,0.0,89.0,0.0,0.6181
2018,NLM,1-5,1,5,7.0,7.0,1.0,0.1014
2018,NLM,6-10,6,10,4.0,4.0,1.0,0.058
2018,NLM,11-15,11,15,4.0,5.0,0.8,0.0725
2018,NLM,16-20,16,20,3.0,13.0,0.2308,0.1884
2018,NLM,21-25,21,25,1.0,1.0,1.0,0.0145
2018,NLM,26+,26,99,0.0,39.0,0.0,0.5652
2019,ALL NIH,1-5,1,5,1563.0,1623.0,0.963,0.1063
2019,ALL NIH,6-10,6,10,1459.0,1585.0,0.9205,0.1039
2019,ALL NIH,11-15,11,15,1208.0,1612.0,0.7494,0.1056
2019,ALL NIH,16-20,16,20,746.0,1395.0,0.5348,0.0914
2019,ALL NIH,21-25,21,25,451.0,1403.0,0.3215,0.0919
2019,ALL NIH,26+,26,99,430.0,7643.0,0.0563,0.5008
2019,NCI,1-5,1,5,350.0,356.0,0.9831,0.1157
2019,NCI,6-10,6,10,253.0,312.0,0.8109,0.1014
2019,NCI,11-15,11,15,71.0,312.0,0.2276,0.1014
2019,NCI,16-20,16,20,9.0,273.0,0.033,0.0887
2019,NCI,21-25,21,25,4.0,292.0,0.0137,0.0949
2019,NCI,26+,26,99,0.0,1533.0,0.0,0.4981
2019,NEI,1-5,1,5,46.0,47.0,0.9787,0.1038
2019,NEI,6-10,6,10,41.0,45.0,0.9111,0.0993
2019,NEI,11-15,11,15,38.0,39.0,0.9744,0.0861
2019,NEI,16-20,16,20,52.0,55.0,0.9455,0.1214
2019,NEI,21-25,21,25,26.0,35.0,0.7429,0.0773
2019,NEI,26+,26,99,33.0,232.0,0.1422,0.5121
2019,NHGRI,1-5,1,5,7.0,8.0,0.875,0.0714
2019,NHGRI,6-10,6,10,13.0,13.0,1.0,0.1161
2019,NHGRI,11-15,11,15,7.0,7.0,1.0,0.0625
2019,NHGRI,16-20,16,20,2.0,6.0,0.3333,0.0536
2019,NHGRI,21-25,21,25,1.0,8.0,0.125,0.0714
2019,NHGRI,26+,26,99,0.0,70.0,0.0,0.625
2019,NHLBI,1-5,1,5,159.0,161.0,0.9876,0.0962
2019,NHLBI,6-10,6,10,186.0,193.0,0.9637,0.1153
2019,NHLBI,11-15,11,15,183.0,191.0,0.9581,0.1141
2019,NHLBI,16-20,16,20,113.0,159.0,0.7107,0.095
2019,NHLBI,21-25,21,25,62.0,161.0,0.3851,0.0962
2019,NHLBI,26+,26,99,50.0,809.0,0.0618,0.4833
2019,NIA,1-5,1,5,54.0,59.0,0.9153,0.0766
2019,NIA,6-10,6,10,51.0,54.0,0.9444,0.0701
2019,NIA,11-15,11,15,70.0,74.0,0.9459,0.0961
2019,NIA,16-20,16,20,52.0,58.0,0.8966,0.0753
2019,NIA,21-25,21,25,55.0,67.0,0.8209,0.087
2019,NIA,26+,26,99,113.0,458.0,0.2467,0.5948
2019,NIAAA,1-5,1,5,19.0,21.0,0.9048,0.1088
2019,NIAAA,6-10,6,10,19.0,20.0,0.95,0.1036
2019,NIAAA,11-15,11,15,22.0,23.0,0.9565,0.1192
2019,NIAAA,16-20,16,20,8.0,12.0,0.6667,0.0622
2019,NIAAA,21-25,21,25,15.0,25.0,0.6,0.1295
2019,NIAAA,26+,26,99,1.0,92.0,0.0109,0.4767
2019,NIAID,1-5,1,5,166.0,170.0,0.9765,0.1097
2019,NIAID,6-10,6,10,148.0,154.0,0.961,0.0994
2019,NIAID,11-15,11,15,181.0,197.0,0.9188,0.1272
2019,NIAID,16-20,16,20,89.0,138.0,0.6449,0.0891
2019,NIAID,21-25,21,25,33.0,137.0,0.2409,0.0884
2019,NIAID,26+,26,99,25.0,753.0,0.0332,0.4861
2019,NIAMS,1-5,1,5,60.0,61.0,0.9836,0.1309
2019,NIAMS,6-10,6,10,50.0,52.0,0.9615,0.1116
2019,NIAMS,11-15,11,15,23.0,37.0,0.6216,0.0794
2019,NIAMS,16-20,16,20,17.0,46.0,0.3696,0.0987
2019,NIAMS,21-25,21,25,6.0,48.0,0.125,0.103
2019,NIAMS,26+,26,99,0.0,222.0,0.0,0.4764
2019,NICHD,1-5,1,5,63.0,68.0,0.9265,0.0941
2019,NICHD,6-10,6,10,66.0,72.0,0.9167,0.0996
2019,NICHD,11-15,11,15,57.0,70.0,0.8143,0.0968
2019,NICHD,16-20,16,20,28.0,69.0,0.4058,0.0954
2019,NICHD,21-25,21,25,17.0,73.0,0.2329,0.101
2019,NICHD,26+,26,99,8.0,371.0,0.0216,0.5131
2019,NIDA,1-5,1,5,45.0,50.0,0.9,0.1139
2019,NIDA,6-10,6,10,45.0,53.0,0.8491,0.1207
2019,NIDA,11-15,11,15,22.0,45.0,0.4889,0.1025
2019,NIDA,16-20,16,20,9.0,30.0,0.3,0.0683
2019,NIDA,21-25,21,25,8.0,38.0,0.2105,0.0866
2019,NIDA,26+,26,99,3.0,223.0,0.0135,0.508
2019,NIDCD,1-5,1,5,39.0,39.0,1.0,0.1423
2019,NIDCD,6-10,6,10,32.0,33.0,0.9697,0.1204
2019,NIDCD,11-15,11,15,34.0,34.0,1.0,0.1241
2019,NIDCD,16-20,16,20,11.0,24.0,0.4583,0.0876
2019,NIDCD,21-25,21,25,7.0,22.0,0.3182,0.0803
2019,NIDCD,26+,26,99,3.0,122.0,0.0246,0.4453
2019,NIDCR,1-5,1,5,18.0,21.0,0.8571,0.1071
2019,NIDCR,6-10,6,10,21.0,22.0,0.9545,0.1122
2019,NIDCR,11-15,11,15,21.0,21.0,1.0,0.1071
2019,NIDCR,16-20,16,20,15.0,22.0,0.6818,0.1122
2019,NIDCR,21-25,21,25,7.0,19.0,0.3684,0.0969
2019,NIDCR,26+,26,99,2.0,91.0,0.022,0.4643
2019,NIDDK,1-5,1,5,147.0,149.0,0.9866,0.1212
2019,NIDDK,6-10,6,10,159.0,163.0,0.9755,0.1326
2019,NIDDK,11-15,11,15,105.0,123.0,0.8537,0.1001
2019,NIDDK,16-20,16,20,49.0,91.0,0.5385,0.074
2019,NIDDK,21-25,21,25,23.0,115.0,0.2,0.0936
2019,NIDDK,26+,26,99,12.0,588.0,0.0204,0.4784
2019,NIGMS,1-5,1,5,115.0,129.0,0.8915,0.1009
2019,NIGMS,6-10,6,10,96.0,104.0,0.9231,0.0814
2019,NIGMS,11-15,11,15,134.0,153.0,0.8758,0.1197
2019,NIGMS,16-20,16,20,113.0,130.0,0.8692,0.1017
2019,NIGMS,21-25,21,25,89.0,127.0,0.7008,0.0994
2019,NIGMS,26+,26,99,129.0,635.0,0.2031,0.4969
2019,NIMH,1-5,1,5,75.0,75.0,1.0,0.1087
2019,NIMH,6-10,6,10,85.0,86.0,0.9884,0.1246
2019,NIMH,11-15,11,15,63.0,75.0,0.84,0.1087
2019,NIMH,16-20,16,20,53.0,65.0,0.8154,0.0942
2019,NIMH,21-25,21,25,37.0,72.0,0.5139,0.1043
2019,NIMH,26+,26,99,13.0,317.0,0.041,0.4594
2019,NIMHD,1-5,1,5,9.0,9.0,1.0,0.0517
2019,NIMHD,6-10,6,10,11.0,15.0,0.7333,0.0862
2019,NIMHD,11-15,11,15,11.0,19.0,0.5789,0.1092
2019,NIMHD,16-20,16,20,4.0,16.0,0.25,0.092
2019,NIMHD,21-25,21,25,1.0,10.0,0.1,0.0575
2019,NIMHD,26+,26,99,0.0,105.0,0.0,0.6034
2019,NINDS,1-5,1,5,125.0,130.0,0.9615,0.1068
2019,NINDS,6-10,6,10,111.0,117.0,0.9487,0.0961
2019,NINDS,11-15,11,15,127.0,135.0,0.9407,0.1109
2019,NINDS,16-20,16,20,78.0,120.0,0.65,0.0986
2019,NINDS,21-25,21,25,44.0,100.0,0.44,0.0822
2019,NINDS,26+,26,99,16.0,615.0,0.026,0.5053
2019,NINR,1-5,1,5,13.0,13.0,1.0,0.1057
2019,NINR,6-10,6,10,11.0,12.0,0.9167,0.0976
2019,NINR,11-15,11,15,6.0,8.0,0.75,0.065
2019,NINR,16-20,16,20,2.0,7.0,0.2857,0.0569
2019,NINR,21-25,21,25,2.0,10.0,0.2,0.0813
2019,NINR,26+,26,99,1.0,73.0,0.0137,0.5935
2019,NLM,1-5,1,5,5.0,5.0,1.0,0.0543
2019,NLM,6-10,6,10,13.0,13.0,1.0,0.1413
2019,NLM,11-15,11,15,7.0,8.0,0.875,0.087
2019,NLM,16-20,16,20,3.0,7.0,0.4286,0.0761
2019,NLM,21-25,21,25,1.0,5.0,0.2,0.0543
2019,NLM,26+,26,99,2.0,54.0,0.037,0.587
2020,ALL NIH,1-5,1,5,1636.0,1694.0,0.9658,0.1091
2020,ALL NIH,6-10,6,10,1647.0,1714.0,0.9609,0.1104
2020,ALL NIH,11-15,11,15,1288.0,1649.0,0.7811,0.1062
2020,ALL NIH,16-20,16,20,717.0,1477.0,0.4854,0.0951
2020,ALL NIH,21-25,21,25,434.0,1398.0,0.3104,0.09
2020,ALL NIH,26+,26,99,355.0,7599.0,0.0467,0.4893
2020,NCI,1-5,1,5,323.0,333.0,0.97,0.1075
2020,NCI,6-10,6,10,355.0,368.0,0.9647,0.1187
2020,NCI,11-15,11,15,104.0,277.0,0.3755,0.0894
2020,NCI,16-20,16,20,14.0,278.0,0.0504,0.0897
2020,NCI,21-25,21,25,0.0,273.0,0.0,0.0881
2020,NCI,26+,26,99,0.0,1570.0,0.0,0.5066
2020,NEI,1-5,1,5,58.0,59.0,0.9831,0.1272
2020,NEI,6-10,6,10,42.0,42.0,1.0,0.0905
2020,NEI,11-15,11,15,59.0,59.0,1.0,0.1272
2020,NEI,16-20,16,20,41.0,45.0,0.9111,0.097
2020,NEI,21-25,21,25,40.0,63.0,0.6349,0.1358
2020,NEI,26+,26,99,26.0,196.0,0.1327,0.4224
2020,NHGRI,1-5,1,5,13.0,13.0,1.0,0.104
2020,NHGRI,6-10,6,10,14.0,15.0,0.9333,0.12
2020,NHGRI,11-15,11,15,7.0,11.0,0.6364,0.088
2020,NHGRI,16-20,16,20,3.0,8.0,0.375,0.064
2020,NHGRI,21-25,21,25,2.0,12.0,0.1667,0.096
2020,NHGRI,26+,26,99,0.0,66.0,0.0,0.528
2020,NHLBI,1-5,1,5,158.0,162.0,0.9753,0.0927
2020,NHLBI,6-10,6,10,182.0,185.0,0.9838,0.1059
2020,NHLBI,11-15,11,15,197.0,201.0,0.9801,0.1151
2020,NHLBI,16-20,16,20,113.0,184.0,0.6141,0.1053
2020,NHLBI,21-25,21,25,68.0,173.0,0.3931,0.099
2020,NHLBI,26+,26,99,48.0,842.0,0.057,0.482
2020,NIA,1-5,1,5,62.0,65.0,0.9538,0.0904
2020,NIA,6-10,6,10,68.0,68.0,1.0,0.0946
2020,NIA,11-15,11,15,63.0,71.0,0.8873,0.0987
2020,NIA,16-20,16,20,41.0,58.0,0.7069,0.0807
2020,NIA,21-25,21,25,41.0,63.0,0.6508,0.0876
2020,NIA,26+,26,99,62.0,394.0,0.1574,0.548
2020,NIAAA,1-5,1,5,13.0,14.0,0.9286,0.0765
2020,NIAAA,6-10,6,10,19.0,19.0,1.0,0.1038
2020,NIAAA,11-15,11,15,19.0,21.0,0.9048,0.1148
2020,NIAAA,16-20,16,20,16.0,21.0,0.7619,0.1148
2020,NIAAA,21-25,21,25,9.0,15.0,0.6,0.082
2020,NIAAA,26+,26,99,6.0,93.0,0.0645,0.5082
2020,NIAID,1-5,1,5,227.0,231.0,0.9827,0.1321
2020,NIAID,6-10,6,10,234.0,238.0,0.9832,0.1361
2020,NIAID,11-15,11,15,180.0,189.0,0.9524,0.1081
2020,NIAID,16-20,16,20,82.0,144.0,0.5694,0.0823
2020,NIAID,21-25,21,25,38.0,124.0,0.3065,0.0709
2020,NIAID,26+,26,99,42.0,823.0,0.051,0.4706
2020,NIAMS,1-5,1,5,55.0,55.0,1.0,0.112
2020,NIAMS,6-10,6,10,56.0,56.0,1.0,0.1141
2020,NIAMS,11-15,11,15,32.0,57.0,0.5614,0.1161
2020,NIAMS,16-20,16,20,12.0,62.0,0.1935,0.1263
2020,NIAMS,21-25,21,25,2.0,36.0,0.0556,0.0733
2020,NIAMS,26+,26,99,2.0,225.0,0.0089,0.4582
2020,NICHD,1-5,1,5,83.0,84.0,0.9881,0.1181
2020,NICHD,6-10,6,10,71.0,72.0,0.9861,0.1013
2020,NICHD,11-15,11,15,45.0,77.0,0.5844,0.1083
2020,NICHD,16-20,16,20,21.0,64.0,0.3281,0.09
2020,NICHD,21-25,21,25,10.0,55.0,0.1818,0.0774
2020,NICHD,26+,26,99,1.0,359.0,0.0028,0.5049
2020,NIDA,1-5,1,5,44.0,48.0,0.9167,0.1084
2020,NIDA,6-10,6,10,37.0,44.0,0.8409,0.0993
2020,NIDA,11-15,11,15,18.0,40.0,0.45,0.0903
2020,NIDA,16-20,16,20,11.0,49.0,0.2245,0.1106
2020,NIDA,21-25,21,25,5.0,33.0,0.1515,0.0745
2020,NIDA,26+,26,99,1.0,229.0,0.0044,0.5169
2020,NIDCD,1-5,1,5,32.0,32.0,1.0,0.1217
2020,NIDCD,6-10,6,10,36.0,36.0,1.0,0.1369
2020,NIDCD,11-15,11,15,25.0,28.0,0.8929,0.1065
2020,NIDCD,16-20,16,20,11.0,17.0,0.6471,0.0646
2020,NIDCD,21-25,21,25,4.0,22.0,0.1818,0.0837
2020,NIDCD,26+,26,99,5.0,128.0,0.0391,0.4867
2020,NIDCR,1-5,1,5,13.0,14.0,0.9286,0.0761
2020,NIDCR,6-10,6,10,14.0,14.0,1.0,0.0761
2020,NIDCR,11-15,11,15,22.0,22.0,1.0,0.1196
2020,NIDCR,16-20,16,20,17.0,20.0,0.85,0.1087
2020,NIDCR,21-25,21,25,10.0,21.0,0.4762,0.1141
2020,NIDCR,26+,26,99,7.0,93.0,0.0753,0.5054
2020,NIDDK,1-5,1,5,148.0,149.0,0.9933,0.1118
2020,NIDDK,6-10,6,10,143.0,145.0,0.9862,0.1088
2020,NIDDK,11-15,11,15,151.0,156.0,0.9679,0.117
2020,NIDDK,16-20,16,20,82.0,123.0,0.6667,0.0923
2020,NIDDK,21-25,21,25,43.0,126.0,0.3413,0.0945
2020,NIDDK,26+,26,99,30.0,634.0,0.0473,0.4756
2020,NIGMS,1-5,1,5,98.0,117.0,0.8376,0.1005
2020,NIGMS,6-10,6,10,101.0,114.0,0.886,0.0979
2020,NIGMS,11-15,11,15,115.0,130.0,0.8846,0.1117
2020,NIGMS,16-20,16,20,98.0,125.0,0.784,0.1074
2020,NIGMS,21-25,21,25,81.0,114.0,0.7105,0.0979
2020,NIGMS,26+,26,99,93.0,564.0,0.1649,0.4845
2020,NIMH,1-5,1,5,81.0,81.0,1.0,0.1262
2020,NIMH,6-10,6,10,59.0,60.0,0.9833,0.0935
2020,NIMH,11-15,11,15,52.0,69.0,0.7536,0.1075
2020,NIMH,16-20,16,20,46.0,68.0,0.6765,0.1059
2020,NIMH,21-25,21,25,25.0,66.0,0.3788,0.1028
2020,NIMH,26+,26,99,9.0,298.0,0.0302,0.4642
2020,NIMHD,1-5,1,5,16.0,17.0,0.9412,0.0846
2020,NIMHD,6-10,6,10,8.0,18.0,0.4444,0.0896
2020,NIMHD,11-15,11,15,9.0,26.0,0.3462,0.1294
2020,NIMHD,16-20,16,20,3.0,18.0,0.1667,0.0896
2020,NIMHD,21-25,21,25,1.0,22.0,0.0455,0.1095
2020,NIMHD,26+,26,99,0.0,100.0,0.0,0.4975
2020,NINDS,1-5,1,5,131.0,137.0,0.9562,0.1073
2020,NINDS,6-10,6,10,142.0,147.0,0.966,0.1151
2020,NINDS,11-15,11,15,134.0,140.0,0.9571,0.1096
2020,NINDS,16-20,16,20,81.0,129.0,0.6279,0.101
2020,NINDS,21-25,21,25,43.0,106.0,0.4057,0.083
2020,NINDS,26+,26,99,14.0,618.0,0.0227,0.4839
2020,NINR,1-5,1,5,9.0,10.0,0.9,0.0855
2020,NINR,6-10,6,10,8.0,9.0,0.8889,0.0769
2020,NINR,11-15,11,15,10.0,11.0,0.9091,0.094
2020,NINR,16-20,16,20,3.0,14.0,0.2143,0.1197
2020,NINR,21-25,21,25,3.0,11.0,0.2727,0.094
2020,NINR,26+,26,99,1.0,62.0,0.0161,0.5299
2020,NLM,1-5,1,5,8.0,8.0,1.0,0.1
2020,NLM,6-10,6,10,4.0,9.0,0.4444,0.1125
2020,NLM,11-15,11,15,3.0,8.0,0.375,0.1
2020,NLM,16-20,16,20,8.0,13.0,0.6154,0.1625
2020,NLM,21-25,21,25,0.0,6.0,0.0,0.075
2020,NLM,26+,26,99,0.0,36.0,0.0,0.45
2021,ALL NIH,1-5,1,5,1574.0,1640.0,0.9598,0.1044
2021,ALL NIH,6-10,6,10,1621.0,1698.0,0.9547,0.108
2021,ALL NIH,11-15,11,15,1253.0,1590.0,0.7881,0.1012
2021,ALL NIH,16-20,16,20,632.0,1487.0,0.425,0.0946
2021,ALL NIH,21-25,21,25,326.0,1421.0,0.2294,0.0904
2021,ALL NIH,26+,26,99,339.0,7879.0,0.043,0.5014
2021,NCI,1-5,1,5,302.0,312.0,0.9679,0.1069
2021,NCI,6-10,6,10,327.0,340.0,0.9618,0.1165
2021,NCI,11-15,11,15,154.0,286.0,0.5385,0.098
2021,NCI,16-20,16,20,24.0,302.0,0.0795,0.1035
2021,NCI,21-25,21,25,3.0,293.0,0.0102,0.1004
2021,NCI,26+,26,99,0.0,1386.0,0.0,0.4748
2021,NEI,1-5,1,5,36.0,37.0,0.973,0.0804
2021,NEI,6-10,6,10,50.0,53.0,0.9434,0.1152
2021,NEI,11-15,11,15,54.0,58.0,0.931,0.1261
2021,NEI,16-20,16,20,35.0,47.0,0.7447,0.1022
2021,NEI,21-25,21,25,26.0,46.0,0.5652,0.1
2021,NEI,26+,26,99,13.0,219.0,0.0594,0.4761
2021,NHGRI,1-5,1,5,13.0,13.0,1.0,0.125
2021,NHGRI,6-10,6,10,9.0,10.0,0.9,0.0962
2021,NHGRI,11-15,11,15,5.0,5.0,1.0,0.0481
2021,NHGRI,16-20,16,20,0.0,6.0,0.0,0.0577
2021,NHGRI,21-25,21,25,0.0,12.0,0.0,0.1154
2021,NHGRI,26+,26,99,0.0,58.0,0.0,0.5577
2021,NHLBI,1-5,1,5,196.0,199.0,0.9849,0.106
2021,NHLBI,6-10,6,10,188.0,189.0,0.9947,0.1007
2021,NHLBI,11-15,11,15,186.0,188.0,0.9894,0.1002
2021,NHLBI,16-20,16,20,84.0,182.0,0.4615,0.097
2021,NHLBI,21-25,21,25,48.0,178.0,0.2697,0.0948
2021,NHLBI,26+,26,99,38.0,941.0,0.0404,0.5013
2021,NIA,1-5,1,5,52.0,55.0,0.9455,0.0621
2021,NIA,6-10,6,10,55.0,56.0,0.9821,0.0632
2021,NIA,11-15,11,15,52.0,70.0,0.7429,0.079
2021,NIA,16-20,16,20,59.0,85.0,0.6941,0.0959
2021,NIA,21-25,21,25,45.0,75.0,0.6,0.0847
2021,NIA,26+,26,99,97.0,545.0,0.178,0.6151
2021,NIAAA,1-5,1,5,20.0,21.0,0.9524,0.1071
2021,NIAAA,6-10,6,10,14.0,14.0,1.0,0.0714
2021,NIAAA,11-15,11,15,11.0,16.0,0.6875,0.0816
2021,NIAAA,16-20,16,20,13.0,24.0,0.5417,0.1224
2021,NIAAA,21-25,21,25,8.0,19.0,0.4211,0.0969
2021,NIAAA,26+,26,99,4.0,102.0,0.0392,0.5204
2021,NIAID,1-5,1,5,179.0,189.0,0.9471,0.1132
2021,NIAID,6-10,6,10,186.0,196.0,0.949,0.1174
2021,NIAID,11-15,11,15,164.0,184.0,0.8913,0.1102
2021,NIAID,16-20,16,20,77.0,148.0,0.5203,0.0887
2021,NIAID,21-25,21,25,17.0,133.0,0.1278,0.0797
2021,NIAID,26+,26,99,19.0,819.0,0.0232,0.4907
2021,NIAMS,1-5,1,5,66.0,66.0,1.0,0.1294
2021,NIAMS,6-10,6,10,54.0,56.0,0.9643,0.1098
2021,NIAMS,11-15,11,15,35.0,41.0,0.8537,0.0804
2021,NIAMS,16-20,16,20,6.0,43.0,0.1395,0.0843
2021,NIAMS,21-25,21,25,0.0,43.0,0.0,0.0843
2021,NIAMS,26+,26,99,0.0,261.0,0.0,0.5118
2021,NICHD,1-5,1,5,93.0,95.0,0.9789,0.1227
2021,NICHD,6-10,6,10,72.0,76.0,0.9474,0.0982
2021,NICHD,11-15,11,15,45.0,79.0,0.5696,0.1021
2021,NICHD,16-20,16,20,20.0,67.0,0.2985,0.0866
2021,NICHD,21-25,21,25,11.0,63.0,0.1746,0.0814
2021,NICHD,26+,26,99,7.0,394.0,0.0178,0.509
2021,NIDA,1-5,1,5,52.0,59.0,0.8814,0.1317
2021,NIDA,6-10,6,10,34.0,49.0,0.6939,0.1094
2021,NIDA,11-15,11,15,18.0,52.0,0.3462,0.1161
2021,NIDA,16-20,16,20,7.0,41.0,0.1707,0.0915
2021,NIDA,21-25,21,25,1.0,37.0,0.027,0.0826
2021,NIDA,26+,26,99,2.0,210.0,0.0095,0.4688
2021,NIDCD,1-5,1,5,30.0,32.0,0.9375,0.1212
2021,NIDCD,6-10,6,10,31.0,31.0,1.0,0.1174
2021,NIDCD,11-15,11,15,31.0,31.0,1.0,0.1174
2021,NIDCD,16-20,16,20,11.0,17.0,0.6471,0.0644
2021,NIDCD,21-25,21,25,5.0,21.0,0.2381,0.0795
2021,NIDCD,26+,26,99,4.0,132.0,0.0303,0.5
2021,NIDCR,1-5,1,5,16.0,16.0,1.0,0.0711
2021,NIDCR,6-10,6,10,21.0,22.0,0.9545,0.0978
2021,NIDCR,11-15,11,15,24.0,26.0,0.9231,0.1156
2021,NIDCR,16-20,16,20,19.0,29.0,0.6552,0.1289
2021,NIDCR,21-25,21,25,10.0,20.0,0.5,0.0889
2021,NIDCR,26+,26,99,14.0,112.0,0.125,0.4978
2021,NIDDK,1-5,1,5,141.0,143.0,0.986,0.1006
2021,NIDDK,6-10,6,10,175.0,177.0,0.9887,0.1246
2021,NIDDK,11-15,11,15,155.0,155.0,1.0,0.1091
2021,NIDDK,16-20,16,20,68.0,120.0,0.5667,0.0844
2021,NIDDK,21-25,21,25,37.0,126.0,0.2937,0.0887
2021,NIDDK,26+,26,99,35.0,700.0,0.05,0.4926
2021,NIGMS,1-5,1,5,88.0,99.0,0.8889,0.1034
2021,NIGMS,6-10,6,10,72.0,82.0,0.878,0.0857
2021,NIGMS,11-15,11,15,77.0,93.0,0.828,0.0972
2021,NIGMS,16-20,16,20,79.0,96.0,0.8229,0.1003
2021,NIGMS,21-25,21,25,47.0,75.0,0.6267,0.0784
2021,NIGMS,26+,26,99,74.0,512.0,0.1445,0.535
2021,NIMH,1-5,1,5,71.0,74.0,0.9595,0.1088
2021,NIMH,6-10,6,10,89.0,92.0,0.9674,0.1353
2021,NIMH,11-15,11,15,49.0,57.0,0.8596,0.0838
2021,NIMH,16-20,16,20,33.0,56.0,0.5893,0.0824
2021,NIMH,21-25,21,25,19.0,54.0,0.3519,0.0794
2021,NIMH,26+,26,99,15.0,347.0,0.0432,0.5103
2021,NIMHD,1-5,1,5,16.0,20.0,0.8,0.1026
2021,NIMHD,6-10,6,10,22.0,24.0,0.9167,0.1231
2021,NIMHD,11-15,11,15,13.0,23.0,0.5652,0.1179
2021,NIMHD,16-20,16,20,7.0,18.0,0.3889,0.0923
2021,NIMHD,21-25,21,25,0.0,19.0,0.0,0.0974
2021,NIMHD,26+,26,99,0.0,91.0,0.0,0.4667
2021,NINDS,1-5,1,5,131.0,134.0,0.9776,0.1021
2021,NINDS,6-10,6,10,142.0,148.0,0.9595,0.1128
2021,NINDS,11-15,11,15,114.0,133.0,0.8571,0.1014
2021,NINDS,16-20,16,20,45.0,111.0,0.4054,0.0846
2021,NINDS,21-25,21,25,38.0,129.0,0.2946,0.0983
2021,NINDS,26+,26,99,7.0,657.0,0.0107,0.5008
2021,NINR,1-5,1,5,5.0,6.0,0.8333,0.0541
2021,NINR,6-10,6,10,11.0,11.0,1.0,0.0991
2021,NINR,11-15,11,15,6.0,8.0,0.75,0.0721
2021,NINR,16-20,16,20,2.0,11.0,0.1818,0.0991
2021,NINR,21-25,21,25,1.0,11.0,0.0909,0.0991
2021,NINR,26+,26,99,2.0,64.0,0.0312,0.5766
2021,NLM,1-5,1,5,6.0,7.0,0.8571,0.0761
2021,NLM,6-10,6,10,11.0,13.0,0.8462,0.1413
2021,NLM,11-15,11,15,11.0,13.0,0.8462,0.1413
2021,NLM,16-20,16,20,3.0,11.0,0.2727,0.1196
2021,NLM,21-25,21,25,0.0,6.0,0.0,0.0652
2021,NLM,26+,26,99,0.0,42.0,0.0,0.4565
2022,ALL NIH,1-5,1,5,1600.0,1654.0,0.9674,0.1027
2022,ALL NIH,6-10,6,10,1668.0,1725.0,0.967,0.1071
2022,ALL NIH,11-15,11,15,1287.0,1629.0,0.7901,0.1011
2022,ALL NIH,16-20,16,20,605.0,1455.0,0.4158,0.0903
2022,ALL NIH,21-25,21,25,438.0,1480.0,0.2959,0.0919
2022,ALL NIH,26+,26,99,361.0,8163.0,0.0442,0.5068
2022,NCI,1-5,1,5,324.0,330.0,0.9818,0.1134
2022,NCI,6-10,6,10,302.0,306.0,0.9869,0.1052
2022,NCI,11-15,11,15,141.0,272.0,0.5184,0.0935
2022,NCI,16-20,16,20,26.0,251.0,0.1036,0.0863
2022,NCI,21-25,21,25,9.0,253.0,0.0356,0.087
2022,NCI,26+,26,99,1.0,1497.0,0.0007,0.5146
2022,NEI,1-5,1,5,44.0,46.0,0.9565,0.0962
2022,NEI,6-10,6,10,56.0,57.0,0.9825,0.1192
2022,NEI,11-15,11,15,54.0,58.0,0.931,0.1213
2022,NEI,16-20,16,20,33.0,41.0,0.8049,0.0858
2022,NEI,21-25,21,25,33.0,59.0,0.5593,0.1234
2022,NEI,26+,26,99,7.0,217.0,0.0323,0.454
2022,NHGRI,1-5,1,5,20.0,20.0,1.0,0.1754
2022,NHGRI,6-10,6,10,11.0,14.0,0.7857,0.1228
2022,NHGRI,11-15,11,15,4.0,6.0,0.6667,0.0526
2022,NHGRI,16-20,16,20,2.0,9.0,0.2222,0.0789
2022,NHGRI,21-25,21,25,2.0,9.0,0.2222,0.0789
2022,NHGRI,26+,26,99,1.0,56.0,0.0179,0.4912
2022,NHLBI,1-5,1,5,175.0,181.0,0.9669,0.0927
2022,NHLBI,6-10,6,10,211.0,216.0,0.9769,0.1106
2022,NHLBI,11-15,11,15,222.0,227.0,0.978,0.1162
2022,NHLBI,16-20,16,20,82.0,187.0,0.4385,0.0958
2022,NHLBI,21-25,21,25,66.0,196.0,0.3367,0.1004
2022,NHLBI,26+,26,99,53.0,946.0,0.056,0.4844
2022,NIA,1-5,1,5,84.0,87.0,0.9655,0.0818
2022,NIA,6-10,6,10,92.0,96.0,0.9583,0.0902
2022,NIA,11-15,11,15,74.0,75.0,0.9867,0.0705
2022,NIA,16-20,16,20,54.0,78.0,0.6923,0.0733
2022,NIA,21-25,21,25,73.0,92.0,0.7935,0.0865
2022,NIA,26+,26,99,100.0,636.0,0.1572,0.5977
2022,NIAAA,1-5,1,5,18.0,19.0,0.9474,0.0913
2022,NIAAA,6-10,6,10,15.0,16.0,0.9375,0.0769
2022,NIAAA,11-15,11,15,16.0,19.0,0.8421,0.0913
2022,NIAAA,16-20,16,20,15.0,22.0,0.6818,0.1058
2022,NIAAA,21-25,21,25,13.0,26.0,0.5,0.125
2022,NIAAA,26+,26,99,12.0,106.0,0.1132,0.5096
2022,NIAID,1-5,1,5,176.0,180.0,0.9778,0.1021
2022,NIAID,6-10,6,10,190.0,193.0,0.9845,0.1095
2022,NIAID,11-15,11,15,118.0,177.0,0.6667,0.1004
2022,NIAID,16-20,16,20,44.0,157.0,0.2803,0.0891
2022,NIAID,21-25,21,25,21.0,152.0,0.1382,0.0862
2022,NIAID,26+,26,99,23.0,904.0,0.0254,0.5128
2022,NIAMS,1-5,1,5,55.0,56.0,0.9821,0.1057
2022,NIAMS,6-10,6,10,63.0,64.0,0.9844,0.1208
2022,NIAMS,11-15,11,15,35.0,48.0,0.7292,0.0906
2022,NIAMS,16-20,16,20,12.0,50.0,0.24,0.0943
2022,NIAMS,21-25,21,25,3.0,51.0,0.0588,0.0962
2022,NIAMS,26+,26,99,2.0,261.0,0.0077,0.4925
2022,NICHD,1-5,1,5,96.0,98.0,0.9796,0.121
2022,NICHD,6-10,6,10,89.0,93.0,0.957,0.1148
2022,NICHD,11-15,11,15,44.0,76.0,0.5789,0.0938
2022,NICHD,16-20,16,20,20.0,79.0,0.2532,0.0975
2022,NICHD,21-25,21,25,14.0,60.0,0.2333,0.0741
2022,NICHD,26+,26,99,0.0,404.0,0.0,0.4988
2022,NIDA,1-5,1,5,45.0,47.0,0.9574,0.1108
2022,NIDA,6-10,6,10,34.0,37.0,0.9189,0.0873
2022,NIDA,11-15,11,15,27.0,39.0,0.6923,0.092
2022,NIDA,16-20,16,20,16.0,44.0,0.3636,0.1038
2022,NIDA,21-25,21,25,7.0,35.0,0.2,0.0825
2022,NIDA,26+,26,99,2.0,222.0,0.009,0.5236
2022,NIDCD,1-5,1,5,27.0,27.0,1.0,0.1076
2022,NIDCD,6-10,6,10,35.0,35.0,1.0,0.1394
2022,NIDCD,11-15,11,15,30.0,31.0,0.9677,0.1235
2022,NIDCD,16-20,16,20,9.0,18.0,0.5,0.0717
2022,NIDCD,21-25,21,25,7.0,22.0,0.3182,0.0876
2022,NIDCD,26+,26,99,4.0,118.0,0.0339,0.4701
2022,NIDCR,1-5,1,5,16.0,16.0,1.0,0.0687
2022,NIDCR,6-10,6,10,26.0,27.0,0.963,0.1159
2022,NIDCR,11-15,11,15,23.0,23.0,1.0,0.0987
2022,NIDCR,16-20,16,20,6.0,14.0,0.4286,0.0601
2022,NIDCR,21-25,21,25,11.0,22.0,0.5,0.0944
2022,NIDCR,26+,26,99,12.0,131.0,0.0916,0.5622
2022,NIDDK,1-5,1,5,96.0,97.0,0.9897,0.0728
2022,NIDDK,6-10,6,10,128.0,129.0,0.9922,0.0968
2022,NIDDK,11-15,11,15,139.0,142.0,0.9789,0.1066
2022,NIDDK,16-20,16,20,69.0,126.0,0.5476,0.0946
2022,NIDDK,21-25,21,25,43.0,137.0,0.3139,0.1029
2022,NIDDK,26+,26,99,32.0,701.0,0.0456,0.5263
2022,NIGMS,1-5,1,5,76.0,89.0,0.8539,0.0964
2022,NIGMS,6-10,6,10,79.0,86.0,0.9186,0.0932
2022,NIGMS,11-15,11,15,85.0,91.0,0.9341,0.0986
2022,NIGMS,16-20,16,20,80.0,100.0,0.8,0.1083
2022,NIGMS,21-25,21,25,62.0,90.0,0.6889,0.0975
2022,NIGMS,26+,26,99,62.0,467.0,0.1328,0.506
2022,NIMH,1-5,1,5,94.0,97.0,0.9691,0.1347
2022,NIMH,6-10,6,10,76.0,78.0,0.9744,0.1083
2022,NIMH,11-15,11,15,62.0,78.0,0.7949,0.1083
2022,NIMH,16-20,16,20,44.0,70.0,0.6286,0.0972
2022,NIMH,21-25,21,25,18.0,58.0,0.3103,0.0806
2022,NIMH,26+,26,99,3.0,339.0,0.0088,0.4708
2022,NIMHD,1-5,1,5,29.0,31.0,0.9355,0.1396
2022,NIMHD,6-10,6,10,19.0,21.0,0.9048,0.0946
2022,NIMHD,11-15,11,15,12.0,17.0,0.7059,0.0766
2022,NIMHD,16-20,16,20,7.0,15.0,0.4667,0.0676
2022,NIMHD,21-25,21,25,6.0,17.0,0.3529,0.0766
2022,NIMHD,26+,26,99,5.0,121.0,0.0413,0.545
2022,NINDS,1-5,1,5,144.0,151.0,0.9536,0.1102
2022,NINDS,6-10,6,10,154.0,168.0,0.9167,0.1226
2022,NINDS,11-15,11,15,150.0,171.0,0.8772,0.1248
2022,NINDS,16-20,16,20,43.0,110.0,0.3909,0.0803
2022,NINDS,21-25,21,25,27.0,118.0,0.2288,0.0861
2022,NINDS,26+,26,99,18.0,652.0,0.0276,0.4759
2022,NINR,1-5,1,5,13.0,13.0,1.0,0.1461
2022,NINR,6-10,6,10,8.0,8.0,1.0,0.0899
2022,NINR,11-15,11,15,6.0,14.0,0.4286,0.1573
2022,NINR,16-20,16,20,2.0,6.0,0.3333,0.0674
2022,NINR,21-25,21,25,0.0,7.0,0.0,0.0787
2022,NINR,26+,26,99,0.0,41.0,0.0,0.4607
2022,NLM,1-5,1,5,8.0,8.0,1.0,0.0952
2022,NLM,6-10,6,10,10.0,10.0,1.0,0.119
2022,NLM,11-15,11,15,5.0,10.0,0.5,0.119
2022,NLM,16-20,16,20,0.0,8.0,0.0,0.0952
2022,NLM,21-25,21,25,1.0,7.0,0.1429,0.0833
2022,NLM,26+,26,99,0.0,41.0,0.0,0.4881
2023,ALL NIH,1-5,1,5,1565.0,1620.0,0.966,0.1039
2023,ALL NIH,6-10,6,10,1552.0,1602.0,0.9688,0.1028
2023,ALL NIH,11-15,11,15,1272.0,1575.0,0.8076,0.101
2023,ALL NIH,16-20,16,20,620.0,1368.0,0.4532,0.0877
2023,ALL NIH,21-25,21,25,402.0,1375.0,0.2924,0.0882
2023,ALL NIH,26+,26,99,345.0,8050.0,0.0429,0.5164
2023,NCI,1-5,1,5,325.0,330.0,0.9848,0.1161
2023,NCI,6-10,6,10,327.0,329.0,0.9939,0.1158
2023,NCI,11-15,11,15,164.0,260.0,0.6308,0.0915
2023,NCI,16-20,16,20,34.0,232.0,0.1466,0.0816
2023,NCI,21-25,21,25,5.0,243.0,0.0206,0.0855
2023,NCI,26+,26,99,0.0,1448.0,0.0,0.5095
2023,NEI,1-5,1,5,30.0,31.0,0.9677,0.0683
2023,NEI,6-10,6,10,53.0,54.0,0.9815,0.1189
2023,NEI,11-15,11,15,49.0,53.0,0.9245,0.1167
2023,NEI,16-20,16,20,34.0,43.0,0.7907,0.0947
2023,NEI,21-25,21,25,30.0,48.0,0.625,0.1057
2023,NEI,26+,26,99,25.0,225.0,0.1111,0.4956
2023,NHGRI,1-5,1,5,17.0,19.0,0.8947,0.1792
2023,NHGRI,6-10,6,10,8.0,9.0,0.8889,0.0849
2023,NHGRI,11-15,11,15,10.0,12.0,0.8333,0.1132
2023,NHGRI,16-20,16,20,2.0,7.0,0.2857,0.066
2023,NHGRI,21-25,21,25,1.0,12.0,0.0833,0.1132
2023,NHGRI,26+,26,99,0.0,47.0,0.0,0.4434
2023,NHLBI,1-5,1,5,208.0,213.0,0.9765,0.1097
2023,NHLBI,6-10,6,10,198.0,200.0,0.99,0.103
2023,NHLBI,11-15,11,15,200.0,214.0,0.9346,0.1103
2023,NHLBI,16-20,16,20,60.0,186.0,0.3226,0.0958
2023,NHLBI,21-25,21,25,49.0,170.0,0.2882,0.0876
2023,NHLBI,26+,26,99,32.0,958.0,0.0334,0.4936
2023,NIA,1-5,1,5,66.0,68.0,0.9706,0.0665
2023,NIA,6-10,6,10,74.0,74.0,1.0,0.0724
2023,NIA,11-15,11,15,82.0,85.0,0.9647,0.0832
2023,NIA,16-20,16,20,71.0,81.0,0.8765,0.0793
2023,NIA,21-25,21,25,55.0,78.0,0.7051,0.0763
2023,NIA,26+,26,99,74.0,636.0,0.1164,0.6223
2023,NIAAA,1-5,1,5,16.0,18.0,0.8889,0.0783
2023,NIAAA,6-10,6,10,23.0,25.0,0.92,0.1087
2023,NIAAA,11-15,11,15,33.0,38.0,0.8684,0.1652
2023,NIAAA,16-20,16,20,9.0,15.0,0.6,0.0652
2023,NIAAA,21-25,21,25,29.0,34.0,0.8529,0.1478
2023,NIAAA,26+,26,99,12.0,100.0,0.12,0.4348
2023,NIAID,1-5,1,5,174.0,179.0,0.9721,0.1028
2023,NIAID,6-10,6,10,176.0,178.0,0.9888,0.1022
2023,NIAID,11-15,11,15,127.0,183.0,0.694,0.1051
2023,NIAID,16-20,16,20,64.0,154.0,0.4156,0.0884
2023,NIAID,21-25,21,25,17.0,139.0,0.1223,0.0798
2023,NIAID,26+,26,99,32.0,909.0,0.0352,0.5218
2023,NIAMS,1-5,1,5,57.0,59.0,0.9661,0.1294
2023,NIAMS,6-10,6,10,55.0,55.0,1.0,0.1206
2023,NIAMS,11-15,11,15,17.0,35.0,0.4857,0.0768
2023,NIAMS,16-20,16,20,3.0,30.0,0.1,0.0658
2023,NIAMS,21-25,21,25,2.0,41.0,0.0488,0.0899
2023,NIAMS,26+,26,99,1.0,236.0,0.0042,0.5175
2023,NICHD,1-5,1,5,71.0,74.0,0.9595,0.0946
2023,NICHD,6-10,6,10,84.0,90.0,0.9333,0.1151
2023,NICHD,11-15,11,15,34.0,68.0,0.5,0.087
2023,NICHD,16-20,16,20,16.0,63.0,0.254,0.0806
2023,NICHD,21-25,21,25,18.0,63.0,0.2857,0.0806
2023,NICHD,26+,26,99,18.0,424.0,0.0425,0.5422
2023,NIDA,1-5,1,5,43.0,49.0,0.8776,0.1204
2023,NIDA,6-10,6,10,43.0,48.0,0.8958,0.1179
2023,NIDA,11-15,11,15,28.0,46.0,0.6087,0.113
2023,NIDA,16-20,16,20,11.0,38.0,0.2895,0.0934
2023,NIDA,21-25,21,25,6.0,31.0,0.1935,0.0762
2023,NIDA,26+,26,99,7.0,195.0,0.0359,0.4791
2023,NIDCD,1-5,1,5,33.0,34.0,0.9706,0.1232
2023,NIDCD,6-10,6,10,22.0,29.0,0.7586,0.1051
2023,NIDCD,11-15,11,15,31.0,31.0,1.0,0.1123
2023,NIDCD,16-20,16,20,14.0,20.0,0.7,0.0725
2023,NIDCD,21-25,21,25,15.0,25.0,0.6,0.0906
2023,NIDCD,26+,26,99,20.0,137.0,0.146,0.4964
2023,NIDCR,1-5,1,5,22.0,22.0,1.0,0.1063
2023,NIDCR,6-10,6,10,21.0,21.0,1.0,0.1014
2023,NIDCR,11-15,11,15,20.0,20.0,1.0,0.0966
2023,NIDCR,16-20,16,20,5.0,19.0,0.2632,0.0918
2023,NIDCR,21-25,21,25,7.0,22.0,0.3182,0.1063
2023,NIDCR,26+,26,99,9.0,103.0,0.0874,0.4976
2023,NIDDK,1-5,1,5,145.0,147.0,0.9864,0.104
2023,NIDDK,6-10,6,10,132.0,132.0,1.0,0.0934
2023,NIDDK,11-15,11,15,153.0,155.0,0.9871,0.1097
2023,NIDDK,16-20,16,20,77.0,134.0,0.5746,0.0948
2023,NIDDK,21-25,21,25,36.0,131.0,0.2748,0.0927
2023,NIDDK,26+,26,99,35.0,714.0,0.049,0.5053
2023,NIGMS,1-5,1,5,78.0,89.0,0.8764,0.1093
2023,NIGMS,6-10,6,10,65.0,76.0,0.8553,0.0934
2023,NIGMS,11-15,11,15,66.0,73.0,0.9041,0.0897
2023,NIGMS,16-20,16,20,54.0,65.0,0.8308,0.0799
2023,NIGMS,21-25,21,25,41.0,87.0,0.4713,0.1069
2023,NIGMS,26+,26,99,40.0,424.0,0.0943,0.5209
2023,NIMH,1-5,1,5,64.0,69.0,0.9275,0.0996
2023,NIMH,6-10,6,10,53.0,55.0,0.9636,0.0794
2023,NIMH,11-15,11,15,69.0,76.0,0.9079,0.1097
2023,NIMH,16-20,16,20,59.0,82.0,0.7195,0.1183
2023,NIMH,21-25,21,25,28.0,57.0,0.4912,0.0823
2023,NIMH,26+,26,99,6.0,354.0,0.0169,0.5108
2023,NIMHD,1-5,1,5,15.0,17.0,0.8824,0.0966
2023,NIMHD,6-10,6,10,16.0,18.0,0.8889,0.1023
2023,NIMHD,11-15,11,15,16.0,18.0,0.8889,0.1023
2023,NIMHD,16-20,16,20,11.0,15.0,0.7333,0.0852
2023,NIMHD,21-25,21,25,8.0,18.0,0.4444,0.1023
2023,NIMHD,26+,26,99,5.0,90.0,0.0556,0.5114
2023,NINDS,1-5,1,5,133.0,133.0,1.0,0.0998
2023,NINDS,6-10,6,10,153.0,155.0,0.9871,0.1163
2023,NINDS,11-15,11,15,112.0,126.0,0.8889,0.0945
2023,NINDS,16-20,16,20,58.0,114.0,0.5088,0.0855
2023,NINDS,21-25,21,25,27.0,107.0,0.2523,0.0803
2023,NINDS,26+,26,99,13.0,698.0,0.0186,0.5236
2023,NINR,1-5,1,5,9.0,9.0,1.0,0.1475
2023,NINR,6-10,6,10,6.0,6.0,1.0,0.0984
2023,NINR,11-15,11,15,4.0,4.0,1.0,0.0656
2023,NINR,16-20,16,20,1.0,5.0,0.2,0.082
2023,NINR,21-25,21,25,4.0,6.0,0.6667,0.0984
2023,NINR,26+,26,99,2.0,31.0,0.0645,0.5082
2023,NLM,1-5,1,5,8.0,8.0,1.0,0.1176
2023,NLM,6-10,6,10,3.0,4.0,0.75,0.0588
2023,NLM,11-15,11,15,3.0,3.0,1.0,0.0441
2023,NLM,16-20,16,20,2.0,3.0,0.6667,0.0441
2023,NLM,21-25,21,25,5.0,6.0,0.8333,0.0882
2023,NLM,26+,26,99,1.0,44.0,0.0227,0.6471
2024,ALL NIH,1-5,1,5,1641.0,1695.0,0.9681,0.1036
2024,ALL NIH,6-10,6,10,1595.0,1655.0,0.9637,0.1012
2024,ALL NIH,11-15,11,15,1032.0,1576.0,0.6548,0.0964
2024,ALL NIH,16-20,16,20,510.0,1467.0,0.3476,0.0897
2024,ALL NIH,21-25,21,25,306.0,1531.0,0.1999,0.0936
2024,ALL NIH,26+,26,99,195.0,8433.0,0.0231,0.5156
2024,NCI,1-5,1,5,273.0,276.0,0.9891,0.0955
2024,NCI,6-10,6,10,300.0,306.0,0.9804,0.1058
2024,NCI,11-15,11,15,72.0,251.0,0.2869,0.0868
2024,NCI,16-20,16,20,35.0,263.0,0.1331,0.091
2024,NCI,21-25,21,25,9.0,281.0,0.032,0.0972
2024,NCI,26+,26,99,1.0,1514.0,0.0007,0.5237
2024,NEI,1-5,1,5,39.0,45.0,0.8667,0.098
2024,NEI,6-10,6,10,45.0,47.0,0.9574,0.1024
2024,NEI,11-15,11,15,48.0,50.0,0.96,0.1089
2024,NEI,16-20,16,20,45.0,50.0,0.9,0.1089
2024,NEI,21-25,21,25,30.0,37.0,0.8108,0.0806
2024,NEI,26+,26,99,18.0,230.0,0.0783,0.5011
2024,NHGRI,1-5,1,5,13.0,14.0,0.9286,0.1273
2024,NHGRI,6-10,6,10,11.0,11.0,1.0,0.1
2024,NHGRI,11-15,11,15,2.0,10.0,0.2,0.0909
2024,NHGRI,16-20,16,20,2.0,8.0,0.25,0.0727
2024,NHGRI,21-25,21,25,0.0,8.0,0.0,0.0727
2024,NHGRI,26+,26,99,1.0,59.0,0.0169,0.5364
2024,NHLBI,1-5,1,5,224.0,232.0,0.9655,0.1122
2024,NHLBI,6-10,6,10,206.0,208.0,0.9904,0.1006
2024,NHLBI,11-15,11,15,183.0,226.0,0.8097,0.1093
2024,NHLBI,16-20,16,20,53.0,175.0,0.3029,0.0846
2024,NHLBI,21-25,21,25,53.0,213.0,0.2488,0.103
2024,NHLBI,26+,26,99,43.0,1014.0,0.0424,0.4903
2024,NIA,1-5,1,5,63.0,65.0,0.9692,0.0517
2024,NIA,6-10,6,10,97.0,98.0,0.9898,0.0779
2024,NIA,11-15,11,15,111.0,114.0,0.9737,0.0906
2024,NIA,16-20,16,20,81.0,108.0,0.75,0.0859
2024,NIA,21-25,21,25,41.0,114.0,0.3596,0.0906
2024,NIA,26+,26,99,12.0,759.0,0.0158,0.6033
2024,NIAAA,1-5,1,5,15.0,16.0,0.9375,0.0769
2024,NIAAA,6-10,6,10,18.0,19.0,0.9474,0.0913
2024,NIAAA,11-15,11,15,20.0,23.0,0.8696,0.1106
2024,NIAAA,16-20,16,20,11.0,17.0,0.6471,0.0817
2024,NIAAA,21-25,21,25,9.0,15.0,0.6,0.0721
2024,NIAAA,26+,26,99,9.0,118.0,0.0763,0.5673
2024,NIAID,1-5,1,5,227.0,234.0,0.9701,0.1213
2024,NIAID,6-10,6,10,189.0,195.0,0.9692,0.1011
2024,NIAID,11-15,11,15,88.0,180.0,0.4889,0.0933
2024,NIAID,16-20,16,20,54.0,158.0,0.3418,0.0819
2024,NIAID,21-25,21,25,30.0,192.0,0.1562,0.0995
2024,NIAID,26+,26,99,28.0,970.0,0.0289,0.5029
2024,NIAMS,1-5,1,5,63.0,63.0,1.0,0.1432
2024,NIAMS,6-10,6,10,41.0,44.0,0.9318,0.1
2024,NIAMS,11-15,11,15,24.0,45.0,0.5333,0.1023
2024,NIAMS,16-20,16,20,6.0,38.0,0.1579,0.0864
2024,NIAMS,21-25,21,25,1.0,28.0,0.0357,0.0636
2024,NIAMS,26+,26,99,2.0,222.0,0.009,0.5045
2024,NICHD,1-5,1,5,100.0,102.0,0.9804,0.1226
2024,NICHD,6-10,6,10,89.0,91.0,0.978,0.1094
2024,NICHD,11-15,11,15,27.0,68.0,0.3971,0.0817
2024,NICHD,16-20,16,20,16.0,80.0,0.2,0.0962
2024,NICHD,21-25,21,25,11.0,72.0,0.1528,0.0865
2024,NICHD,26+,26,99,10.0,419.0,0.0239,0.5036
2024,NIDA,1-5,1,5,40.0,42.0,0.9524,0.112
2024,NIDA,6-10,6,10,32.0,38.0,0.8421,0.1013
2024,NIDA,11-15,11,15,23.0,32.0,0.7188,0.0853
2024,NIDA,16-20,16,20,7.0,27.0,0.2593,0.072
2024,NIDA,21-25,21,25,7.0,29.0,0.2414,0.0773
2024,NIDA,26+,26,99,2.0,207.0,0.0097,0.552
2024,NIDCD,1-5,1,5,29.0,33.0,0.8788,0.1222
2024,NIDCD,6-10,6,10,30.0,30.0,1.0,0.1111
2024,NIDCD,11-15,11,15,28.0,28.0,1.0,0.1037
2024,NIDCD,16-20,16,20,17.0,29.0,0.5862,0.1074
2024,NIDCD,21-25,21,25,10.0,19.0,0.5263,0.0704
2024,NIDCD,26+,26,99,2.0,131.0,0.0153,0.4852
2024,NIDCR,1-5,1,5,23.0,26.0,0.8846,0.1121
2024,NIDCR,6-10,6,10,22.0,23.0,0.9565,0.0991
2024,NIDCR,11-15,11,15,13.0,23.0,0.5652,0.0991
2024,NIDCR,16-20,16,20,10.0,25.0,0.4,0.1078
2024,NIDCR,21-25,21,25,5.0,19.0,0.2632,0.0819
2024,NIDCR,26+,26,99,11.0,116.0,0.0948,0.5
2024,NIDDK,1-5,1,5,166.0,166.0,1.0,0.1117
2024,NIDDK,6-10,6,10,164.0,167.0,0.982,0.1124
2024,NIDDK,11-15,11,15,129.0,150.0,0.86,0.1009
2024,NIDDK,16-20,16,20,50.0,144.0,0.3472,0.0969
2024,NIDDK,21-25,21,25,27.0,153.0,0.1765,0.103
2024,NIDDK,26+,26,99,20.0,706.0,0.0283,0.4751
2024,NIGMS,1-5,1,5,60.0,68.0,0.8824,0.0921
2024,NIGMS,6-10,6,10,55.0,69.0,0.7971,0.0935
2024,NIGMS,11-15,11,15,46.0,62.0,0.7419,0.084
2024,NIGMS,16-20,16,20,17.0,62.0,0.2742,0.084
2024,NIGMS,21-25,21,25,8.0,79.0,0.1013,0.107
2024,NIGMS,26+,26,99,2.0,398.0,0.005,0.5393
2024,NIMH,1-5,1,5,82.0,83.0,0.988,0.1026
2024,NIMH,6-10,6,10,70.0,72.0,0.9722,0.089
2024,NIMH,11-15,11,15,96.0,105.0,0.9143,0.1298
2024,NIMH,16-20,16,20,44.0,67.0,0.6567,0.0828
2024,NIMH,21-25,21,25,20.0,70.0,0.2857,0.0865
2024,NIMH,26+,26,99,9.0,412.0,0.0218,0.5093
2024,NIMHD,1-5,1,5,7.0,10.0,0.7,0.0694
2024,NIMHD,6-10,6,10,8.0,12.0,0.6667,0.0833
2024,NIMHD,11-15,11,15,9.0,12.0,0.75,0.0833
2024,NIMHD,16-20,16,20,4.0,9.0,0.4444,0.0625
2024,NIMHD,21-25,21,25,4.0,15.0,0.2667,0.1042
2024,NIMHD,26+,26,99,2.0,86.0,0.0233,0.5972
2024,NINDS,1-5,1,5,159.0,161.0,0.9876,0.1175
2024,NINDS,6-10,6,10,166.0,170.0,0.9765,0.1241
2024,NINDS,11-15,11,15,56.0,125.0,0.448,0.0912
2024,NINDS,16-20,16,20,25.0,133.0,0.188,0.0971
2024,NINDS,21-25,21,25,13.0,110.0,0.1182,0.0803
2024,NINDS,26+,26,99,0.0,671.0,0.0,0.4898
2024,NINR,1-5,1,5,3.0,3.0,1.0,0.0588
2024,NINR,6-10,6,10,3.0,3.0,1.0,0.0588
2024,NINR,11-15,11,15,4.0,6.0,0.6667,0.1176
2024,NINR,16-20,16,20,2.0,3.0,0.6667,0.0588
2024,NINR,21-25,21,25,5.0,10.0,0.5,0.1961
2024,NINR,26+,26,99,1.0,26.0,0.0385,0.5098
2024,NLM,1-5,1,5,2.0,2.0,1.0,0.0235
2024,NLM,6-10,6,10,4.0,4.0,1.0,0.0471
2024,NLM,11-15,11,15,3.0,3.0,1.0,0.0353
2024,NLM,16-20,16,20,8.0,9.0,0.8889,0.1059
2024,NLM,21-25,21,25,3.0,5.0,0.6,0.0588
2024,NLM,26+,26,99,1.0,62.0,0.0161,0.7294
2025,ALL NIH,1-5,1,5,1676.0,1831.0,0.9153,0.1003
2025,ALL NIH,6-10,6,10,1364.0,1898.0,0.7187,0.104
2025,ALL NIH,11-15,11,15,555.0,1819.0,0.3051,0.0997
2025,ALL NIH,16-20,16,20,228.0,1787.0,0.1276,0.0979
2025,ALL NIH,21-25,21,25,130.0,1827.0,0.0712,0.1001
2025,ALL NIH,26+,26,99,64.0,9087.0,0.007,0.4979
2025,NCI,1-5,1,5,327.0,364.0,0.8984,0.1124
2025,NCI,6-10,6,10,188.0,345.0,0.5449,0.1065
2025,NCI,11-15,11,15,16.0,303.0,0.0528,0.0935
2025,NCI,16-20,16,20,0.0,319.0,0.0,0.0985
2025,NCI,21-25,21,25,0.0,320.0,0.0,0.0988
2025,NCI,26+,26,99,0.0,1588.0,0.0,0.4903
2025,NEI,1-5,1,5,44.0,44.0,1.0,0.0911
2025,NEI,6-10,6,10,41.0,49.0,0.8367,0.1014
2025,NEI,11-15,11,15,31.0,51.0,0.6078,0.1056
2025,NEI,16-20,16,20,20.0,50.0,0.4,0.1035
2025,NEI,21-25,21,25,16.0,53.0,0.3019,0.1097
2025,NEI,26+,26,99,3.0,236.0,0.0127,0.4886
2025,NHGRI,1-5,1,5,26.0,33.0,0.7879,0.1875
2025,NHGRI,6-10,6,10,6.0,21.0,0.2857,0.1193
2025,NHGRI,11-15,11,15,1.0,12.0,0.0833,0.0682
2025,NHGRI,16-20,16,20,0.0,14.0,0.0,0.0795
2025,NHGRI,21-25,21,25,0.0,21.0,0.0,0.1193
2025,NHGRI,26+,26,99,0.0,75.0,0.0,0.4261
2025,NHLBI,1-5,1,5,212.0,223.0,0.9507,0.0962
2025,NHLBI,6-10,6,10,246.0,252.0,0.9762,0.1087
2025,NHLBI,11-15,11,15,156.0,267.0,0.5843,0.1152
2025,NHLBI,16-20,16,20,49.0,232.0,0.2112,0.1001
2025,NHLBI,21-25,21,25,25.0,245.0,0.102,0.1057
2025,NHLBI,26+,26,99,3.0,1099.0,0.0027,0.4741
2025,NIA,1-5,1,5,85.0,104.0,0.8173,0.0637
2025,NIA,6-10,6,10,52.0,103.0,0.5049,0.0631
2025,NIA,11-15,11,15,31.0,164.0,0.189,0.1005
2025,NIA,16-20,16,20,7.0,163.0,0.0429,0.0999
2025,NIA,21-25,21,25,0.0,163.0,0.0,0.0999
2025,NIA,26+,26,99,2.0,935.0,0.0021,0.5729
2025,NIAAA,1-5,1,5,20.0,22.0,0.9091,0.0982
2025,NIAAA,6-10,6,10,9.0,23.0,0.3913,0.1027
2025,NIAAA,11-15,11,15,12.0,21.0,0.5714,0.0938
2025,NIAAA,16-20,16,20,10.0,25.0,0.4,0.1116
2025,NIAAA,21-25,21,25,6.0,20.0,0.3,0.0893
2025,NIAAA,26+,26,99,4.0,113.0,0.0354,0.5045
2025,NIAID,1-5,1,5,232.0,245.0,0.9469,0.1152
2025,NIAID,6-10,6,10,225.0,234.0,0.9615,0.11
2025,NIAID,11-15,11,15,59.0,193.0,0.3057,0.0907
2025,NIAID,16-20,16,20,30.0,206.0,0.1456,0.0969
2025,NIAID,21-25,21,25,18.0,219.0,0.0822,0.103
2025,NIAID,26+,26,99,12.0,1030.0,0.0117,0.4843
2025,NIAMS,1-5,1,5,57.0,57.0,1.0,0.1133
2025,NIAMS,6-10,6,10,50.0,65.0,0.7692,0.1292
2025,NIAMS,11-15,11,15,10.0,35.0,0.2857,0.0696
2025,NIAMS,16-20,16,20,11.0,44.0,0.25,0.0875
2025,NIAMS,21-25,21,25,2.0,53.0,0.0377,0.1054
2025,NIAMS,26+,26,99,0.0,249.0,0.0,0.495
2025,NICHD,1-5,1,5,129.0,134.0,0.9627,0.1497
2025,NICHD,6-10,6,10,68.0,94.0,0.7234,0.105
2025,NICHD,11-15,11,15,26.0,87.0,0.2989,0.0972
2025,NICHD,16-20,16,20,13.0,82.0,0.1585,0.0916
2025,NICHD,21-25,21,25,21.0,88.0,0.2386,0.0983
2025,NICHD,26+,26,99,1.0,410.0,0.0024,0.4581
2025,NIDA,1-5,1,5,33.0,36.0,0.9167,0.0925
2025,NIDA,6-10,6,10,37.0,52.0,0.7115,0.1337
2025,NIDA,11-15,11,15,11.0,37.0,0.2973,0.0951
2025,NIDA,16-20,16,20,1.0,35.0,0.0286,0.09
2025,NIDA,21-25,21,25,3.0,41.0,0.0732,0.1054
2025,NIDA,26+,26,99,2.0,188.0,0.0106,0.4833
2025,NIDCD,1-5,1,5,44.0,45.0,0.9778,0.1429
2025,NIDCD,6-10,6,10,36.0,39.0,0.9231,0.1238
2025,NIDCD,11-15,11,15,6.0,20.0,0.3,0.0635
2025,NIDCD,16-20,16,20,2.0,24.0,0.0833,0.0762
2025,NIDCD,21-25,21,25,4.0,30.0,0.1333,0.0952
2025,NIDCD,26+,26,99,2.0,157.0,0.0127,0.4984
2025,NIDCR,1-5,1,5,17.0,18.0,0.9444,0.0709
2025,NIDCR,6-10,6,10,26.0,26.0,1.0,0.1024
2025,NIDCR,11-15,11,15,11.0,27.0,0.4074,0.1063
2025,NIDCR,16-20,16,20,5.0,18.0,0.2778,0.0709
2025,NIDCR,21-25,21,25,4.0,21.0,0.1905,0.0827
2025,NIDCR,26+,26,99,15.0,144.0,0.1042,0.5669
2025,NIDDK,1-5,1,5,156.0,158.0,0.9873,0.0952
2025,NIDDK,6-10,6,10,104.0,186.0,0.5591,0.1121
2025,NIDDK,11-15,11,15,36.0,174.0,0.2069,0.1049
2025,NIDDK,16-20,16,20,18.0,158.0,0.1139,0.0952
2025,NIDDK,21-25,21,25,9.0,161.0,0.0559,0.097
2025,NIDDK,26+,26,99,4.0,822.0,0.0049,0.4955
2025,NIGMS,1-5,1,5,34.0,53.0,0.6415,0.087
2025,NIGMS,6-10,6,10,35.0,61.0,0.5738,0.1002
2025,NIGMS,11-15,11,15,19.0,67.0,0.2836,0.11
2025,NIGMS,16-20,16,20,8.0,56.0,0.1429,0.092
2025,NIGMS,21-25,21,25,4.0,56.0,0.0714,0.092
2025,NIGMS,26+,26,99,1.0,316.0,0.0032,0.5189
2025,NIMH,1-5,1,5,40.0,61.0,0.6557,0.0716
2025,NIMH,6-10,6,10,54.0,88.0,0.6136,0.1033
2025,NIMH,11-15,11,15,47.0,87.0,0.5402,0.1021
2025,NIMH,16-20,16,20,18.0,94.0,0.1915,0.1103
2025,NIMH,21-25,21,25,2.0,74.0,0.027,0.0869
2025,NIMH,26+,26,99,2.0,448.0,0.0045,0.5258
2025,NIMHD,1-5,1,5,6.0,13.0,0.4615,0.0722
2025,NIMHD,6-10,6,10,4.0,18.0,0.2222,0.1
2025,NIMHD,11-15,11,15,4.0,11.0,0.3636,0.0611
2025,NIMHD,16-20,16,20,4.0,24.0,0.1667,0.1333
2025,NIMHD,21-25,21,25,0.0,10.0,0.0,0.0556
2025,NIMHD,26+,26,99,0.0,104.0,0.0,0.5778
2025,NINDS,1-5,1,5,159.0,163.0,0.9755,0.1038
2025,NINDS,6-10,6,10,108.0,157.0,0.6879,0.1
2025,NINDS,11-15,11,15,16.0,154.0,0.1039,0.0981
2025,NINDS,16-20,16,20,6.0,148.0,0.0405,0.0943
2025,NINDS,21-25,21,25,0.0,164.0,0.0,0.1045
2025,NINDS,26+,26,99,0.0,784.0,0.0,0.4994
2025,NINR,1-5,1,5,1.0,2.0,0.5,0.0444
2025,NINR,6-10,6,10,3.0,6.0,0.5,0.1333
2025,NINR,11-15,11,15,5.0,7.0,0.7143,0.1556
2025,NINR,16-20,16,20,1.0,4.0,0.25,0.0889
2025,NINR,21-25,21,25,1.0,8.0,0.125,0.1778
2025,NINR,26+,26,99,1.0,18.0,0.0556,0.4
2025,NLM,1-5,1,5,3.0,3.0,1.0,0.0286
2025,NLM,6-10,6,10,5.0,5.0,1.0,0.0476
2025,NLM,11-15,11,15,7.0,13.0,0.5385,0.1238
2025,NLM,16-20,16,20,2.0,14.0,0.1429,0.1333
2025,NLM,21-25,21,25,1.0,10.0,0.1,0.0952
2025,NLM,26+,26,99,0.0,60.0,0.0,0.5714
