Year,Institute,Transition,From_Percentile,To_Percentile,Prob_From,Prob_To,Absolute_Gain,Relative_Gain_Pct
2014,ALL NIH,12→8,12,8,0.8458,0.9372,0.0914,10.81
2014,ALL NIH,15→10,15,10,0.7213,0.9005,0.1792,24.85
2014,ALL NIH,18→12,18,12,0.5497,0.8458,0.2961,53.85
2014,ALL NIH,20→15,20,15,0.4253,0.7213,0.296,69.6
2014,NCI,12→8,12,8,0.7693,0.9462,0.1768,22.98
2014,NCI,15→10,15,10,0.4896,0.8845,0.3949,80.66
2014,NCI,18→12,18,12,0.2162,0.7693,0.5531,255.85
2014,NCI,20→15,20,15,0.1073,0.4896,0.3823,356.35
2014,NEI,12→8,12,8,0.951,0.9774,0.0264,2.78
2014,NEI,15→10,15,10,0.9141,0.9667,0.0526,5.75
2014,NEI,18→12,18,12,0.8536,0.951,0.0974,11.41
2014,NEI,20→15,20,15,0.7962,0.9141,0.1179,14.81
2014,NHGRI,12→8,12,8,0.9293,0.9683,0.039,4.2
2014,NHGRI,15→10,15,10,0.8748,0.9525,0.0777,8.89
2014,NHGRI,18→12,18,12,0.7877,0.9293,0.1416,17.98
2014,NHGRI,20→15,20,15,0.7087,0.8748,0.166,23.43
2014,NHLBI,12→8,12,8,0.7523,0.8939,0.1416,18.82
2014,NHLBI,15→10,15,10,0.5856,0.8349,0.2494,42.59
2014,NHLBI,18→12,18,12,0.3966,0.7523,0.3557,89.68
2014,NHLBI,20→15,20,15,0.283,0.5856,0.3026,106.93
2014,NIA,12→8,12,8,0.8103,0.9532,0.1429,17.64
2014,NIA,15→10,15,10,0.5695,0.9032,0.3337,58.58
2014,NIA,18→12,18,12,0.2907,0.8103,0.5196,178.75
2014,NIA,20→15,20,15,0.158,0.5695,0.4116,260.52
2014,NIAAA,12→8,12,8,0.8897,0.955,0.0653,7.34
2014,NIAAA,15→10,15,10,0.7962,0.929,0.1328,16.69
2014,NIAAA,18→12,18,12,0.6541,0.8897,0.2357,36.03
2014,NIAAA,20→15,20,15,0.5383,0.7962,0.2579,47.91
2014,NIAID,12→8,12,8,0.9069,0.9562,0.0493,5.43
2014,NIAID,15→10,15,10,0.8418,0.9358,0.094,11.17
2014,NIAID,18→12,18,12,0.744,0.9069,0.1629,21.89
2014,NIAID,20→15,20,15,0.6601,0.8418,0.1817,27.52
2014,NIAMS,12→8,12,8,0.9891,0.9997,0.0106,1.07
2014,NIAMS,15→10,15,10,0.855,0.9982,0.1432,16.75
2014,NIAMS,18→12,18,12,0.2772,0.9891,0.7119,256.81
2014,NIAMS,20→15,20,15,0.0584,0.855,0.7966,1363.98
2014,NICHD,12→8,12,8,0.4836,0.8626,0.3789,78.35
2014,NICHD,15→10,15,10,0.1836,0.708,0.5244,285.59
2014,NICHD,18→12,18,12,0.0512,0.4836,0.4324,843.94
2014,NICHD,20→15,20,15,0.0204,0.1836,0.1632,798.44
2014,NIDA,12→8,12,8,0.7846,0.9012,0.1166,14.86
2014,NIDA,15→10,15,10,0.6466,0.8521,0.2055,31.79
2014,NIDA,18→12,18,12,0.479,0.7846,0.3056,63.81
2014,NIDA,20→15,20,15,0.3674,0.6466,0.2792,75.97
2014,NIDCD,12→8,12,8,0.963,0.9886,0.0256,2.66
2014,NIDCD,15→10,15,10,0.9135,0.9794,0.0659,7.21
2014,NIDCD,18→12,18,12,0.8107,0.963,0.1523,18.79
2014,NIDCD,20→15,20,15,0.7011,0.9135,0.2123,30.29
2014,NIDCR,12→8,12,8,0.9668,0.9918,0.025,2.58
2014,NIDCR,15→10,15,10,0.9094,0.9834,0.074,8.14
2014,NIDCR,18→12,18,12,0.7757,0.9668,0.1911,24.64
2014,NIDCR,20→15,20,15,0.6296,0.9094,0.2798,44.44
2014,NIDDK,12→8,12,8,0.9237,0.9766,0.0529,5.73
2014,NIDDK,15→10,15,10,0.8271,0.9574,0.1303,15.76
2014,NIDDK,18→12,18,12,0.654,0.9237,0.2698,41.25
2014,NIDDK,20→15,20,15,0.5043,0.8271,0.3228,64.0
2014,NIGMS,12→8,12,8,0.9507,0.9827,0.0321,3.37
2014,NIGMS,15→10,15,10,0.8953,0.9707,0.0754,8.42
2014,NIGMS,18→12,18,12,0.7915,0.9507,0.1592,20.12
2014,NIGMS,20→15,20,15,0.6883,0.8953,0.207,30.08
2014,NIMH,12→8,12,8,0.7945,0.9198,0.1253,15.77
2014,NIMH,15→10,15,10,0.6311,0.8694,0.2383,37.77
2014,NIMH,18→12,18,12,0.4308,0.7945,0.3637,84.41
2014,NIMH,20→15,20,15,0.3053,0.6311,0.3258,106.69
2014,NINDS,12→8,12,8,0.9296,0.9823,0.0528,5.68
2014,NINDS,15→10,15,10,0.8178,0.9644,0.1466,17.93
2014,NINDS,18→12,18,12,0.6041,0.9296,0.3254,53.87
2014,NINDS,20→15,20,15,0.4264,0.8178,0.3914,91.77
2015,ALL NIH,12→8,12,8,0.8239,0.9217,0.0978,11.88
2015,ALL NIH,15→10,15,10,0.7007,0.8813,0.1806,25.77
2015,ALL NIH,18→12,18,12,0.5395,0.8239,0.2844,52.72
2015,ALL NIH,20→15,20,15,0.4247,0.7007,0.2759,64.97
2015,NCI,12→8,12,8,0.7356,0.9442,0.2085,28.35
2015,NCI,15→10,15,10,0.4183,0.8727,0.4545,108.65
2015,NCI,18→12,18,12,0.1567,0.7356,0.5789,369.48
2015,NCI,20→15,20,15,0.0701,0.4183,0.3482,496.71
2015,NEI,12→8,12,8,0.8859,0.9474,0.0614,6.93
2015,NEI,15→10,15,10,0.8053,0.922,0.1167,14.49
2015,NEI,18→12,18,12,0.6878,0.8859,0.1981,28.8
2015,NEI,20→15,20,15,0.5914,0.8053,0.2139,36.16
2015,NHLBI,12→8,12,8,0.8345,0.9238,0.0893,10.7
2015,NHLBI,15→10,15,10,0.7231,0.8866,0.1635,22.61
2015,NHLBI,18→12,18,12,0.575,0.8345,0.2595,45.13
2015,NHLBI,20→15,20,15,0.466,0.7231,0.2571,55.18
2015,NIA,12→8,12,8,0.7915,0.8979,0.1064,13.44
2015,NIA,15→10,15,10,0.6691,0.8524,0.1833,27.4
2015,NIA,18→12,18,12,0.5186,0.7915,0.2729,52.63
2015,NIA,20→15,20,15,0.4145,0.6691,0.2546,61.43
2015,NIAAA,12→8,12,8,0.7866,0.9017,0.1151,14.63
2015,NIAAA,15→10,15,10,0.6504,0.8532,0.2029,31.19
2015,NIAAA,18→12,18,12,0.4843,0.7866,0.3023,62.43
2015,NIAAA,20→15,20,15,0.3731,0.6504,0.2772,74.3
2015,NIAID,12→8,12,8,0.8545,0.9329,0.0784,9.17
2015,NIAID,15→10,15,10,0.7548,0.9004,0.1455,19.28
2015,NIAID,18→12,18,12,0.6174,0.8545,0.2372,38.42
2015,NIAID,20→15,20,15,0.5119,0.7548,0.2429,47.45
2015,NIAMS,12→8,12,8,0.8291,0.9648,0.1357,16.37
2015,NIAMS,15→10,15,10,0.5695,0.9202,0.3507,61.57
2015,NIAMS,18→12,18,12,0.2652,0.8291,0.5639,212.63
2015,NIAMS,20→15,20,15,0.1318,0.5695,0.4378,332.17
2015,NICHD,12→8,12,8,0.3893,0.8441,0.4549,116.85
2015,NICHD,15→10,15,10,0.1135,0.6501,0.5366,472.66
2015,NICHD,18→12,18,12,0.0251,0.3893,0.3642,1451.84
2015,NICHD,20→15,20,15,0.0087,0.1135,0.1048,1197.54
2015,NIDA,12→8,12,8,0.7786,0.9029,0.1244,15.97
2015,NIDA,15→10,15,10,0.629,0.8512,0.2222,35.33
2015,NIDA,18→12,18,12,0.4497,0.7786,0.3289,73.13
2015,NIDA,20→15,20,15,0.3344,0.629,0.2946,88.08
2015,NIDCD,12→8,12,8,0.9217,0.9718,0.0501,5.44
2015,NIDCD,15→10,15,10,0.8402,0.9527,0.1125,13.39
2015,NIDCD,18→12,18,12,0.7014,0.9217,0.2203,31.4
2015,NIDCD,20→15,20,15,0.5786,0.8402,0.2617,45.23
2015,NIDCR,12→8,12,8,0.9862,0.9982,0.012,1.22
2015,NIDCR,15→10,15,10,0.9384,0.9951,0.0567,6.04
2015,NIDCR,18→12,18,12,0.7638,0.9862,0.2225,29.13
2015,NIDCR,20→15,20,15,0.5351,0.9384,0.4033,75.37
2015,NIDDK,12→8,12,8,0.8259,0.9316,0.1056,12.79
2015,NIDDK,15→10,15,10,0.6828,0.8894,0.2066,30.26
2015,NIDDK,18→12,18,12,0.494,0.8259,0.332,67.21
2015,NIDDK,20→15,20,15,0.3656,0.6828,0.3172,86.77
2015,NIGMS,12→8,12,8,0.9495,0.9774,0.028,2.94
2015,NIGMS,15→10,15,10,0.9095,0.9661,0.0567,6.23
2015,NIGMS,18→12,18,12,0.843,0.9495,0.1064,12.63
2015,NIGMS,20→15,20,15,0.7796,0.9095,0.1298,16.65
2015,NIMH,12→8,12,8,0.873,0.9532,0.0803,9.2
2015,NIMH,15→10,15,10,0.7525,0.9221,0.1696,22.54
2015,NIMH,18→12,18,12,0.5736,0.873,0.2994,52.2
2015,NIMH,20→15,20,15,0.4385,0.7525,0.314,71.61
2015,NINDS,12→8,12,8,0.9487,0.9883,0.0396,4.17
2015,NINDS,15→10,15,10,0.8557,0.9753,0.1197,13.98
2015,NINDS,18→12,18,12,0.655,0.9487,0.2937,44.84
2015,NINDS,20→15,20,15,0.4706,0.8557,0.3851,81.82
2015,NINR,12→8,12,8,0.8068,0.9465,0.1397,17.32
2015,NINR,15→10,15,10,0.5858,0.8958,0.31,52.92
2015,NINR,18→12,18,12,0.3238,0.8068,0.4829,149.13
2015,NINR,20→15,20,15,0.1888,0.5858,0.397,210.31
2015,NLM,12→8,12,8,0.9288,0.9735,0.0447,4.82
2015,NLM,15→10,15,10,0.8571,0.9563,0.0992,11.57
2015,NLM,18→12,18,12,0.734,0.9288,0.1948,26.53
2015,NLM,20→15,20,15,0.6218,0.8571,0.2352,37.83
2016,ALL NIH,12→8,12,8,0.834,0.9267,0.0926,11.11
2016,ALL NIH,15→10,15,10,0.7156,0.8885,0.1729,24.16
2016,ALL NIH,18→12,18,12,0.5576,0.834,0.2765,49.58
2016,ALL NIH,20→15,20,15,0.4428,0.7156,0.2728,61.61
2016,NCI,12→8,12,8,0.533,0.932,0.399,74.85
2016,NCI,15→10,15,10,0.1503,0.7982,0.6479,430.9
2016,NCI,18→12,18,12,0.0267,0.533,0.5063,1896.41
2016,NCI,20→15,20,15,0.0079,0.1503,0.1425,1814.27
2016,NEI,12→8,12,8,0.9732,0.9907,0.0175,1.79
2016,NEI,15→10,15,10,0.942,0.9842,0.0421,4.47
2016,NEI,18→12,18,12,0.879,0.9732,0.0942,10.72
2016,NEI,20→15,20,15,0.8094,0.942,0.1326,16.39
2016,NHLBI,12→8,12,8,0.9258,0.9703,0.0444,4.8
2016,NHLBI,15→10,15,10,0.8586,0.9528,0.0942,10.98
2016,NHLBI,18→12,18,12,0.747,0.9258,0.1789,23.95
2016,NHLBI,20→15,20,15,0.6461,0.8586,0.2125,32.89
2016,NIA,12→8,12,8,0.8775,0.937,0.0595,6.78
2016,NIA,15→10,15,10,0.8055,0.9117,0.1062,13.18
2016,NIA,18→12,18,12,0.7054,0.8775,0.1721,24.4
2016,NIA,20→15,20,15,0.6243,0.8055,0.1812,29.03
2016,NIAAA,12→8,12,8,0.8743,0.9592,0.085,9.72
2016,NIAAA,15→10,15,10,0.736,0.9275,0.1915,26.01
2016,NIAAA,18→12,18,12,0.5278,0.8743,0.3464,65.63
2016,NIAAA,20→15,20,15,0.3781,0.736,0.3579,94.67
2016,NIAID,12→8,12,8,0.9289,0.9728,0.0439,4.72
2016,NIAID,15→10,15,10,0.8601,0.9558,0.0957,11.13
2016,NIAID,18→12,18,12,0.7429,0.9289,0.186,25.03
2016,NIAID,20→15,20,15,0.6361,0.8601,0.224,35.21
2016,NIAMS,12→8,12,8,0.8973,0.9896,0.0923,10.29
2016,NIAMS,15→10,15,10,0.5927,0.9665,0.3739,63.08
2016,NIAMS,18→12,18,12,0.195,0.8973,0.7023,360.17
2016,NIAMS,20→15,20,15,0.0683,0.5927,0.5244,767.73
2016,NICHD,12→8,12,8,0.4201,0.9115,0.4914,116.97
2016,NICHD,15→10,15,10,0.0901,0.732,0.6419,712.87
2016,NICHD,18→12,18,12,0.0133,0.4201,0.4068,3049.51
2016,NICHD,20→15,20,15,0.0036,0.0901,0.0865,2420.3
2016,NIDA,12→8,12,8,0.6472,0.8387,0.1915,29.59
2016,NIDA,15→10,15,10,0.4564,0.7554,0.299,65.5
2016,NIDA,18→12,18,12,0.2777,0.6472,0.3695,133.08
2016,NIDA,20→15,20,15,0.1859,0.4564,0.2705,145.55
2016,NIDCD,12→8,12,8,0.9899,0.9981,0.0082,0.83
2016,NIDCD,15→10,15,10,0.9654,0.9956,0.0302,3.13
2016,NIDCD,18→12,18,12,0.8878,0.9899,0.1021,11.5
2016,NIDCD,20→15,20,15,0.7737,0.9654,0.1917,24.77
2016,NIDCR,12→8,12,8,0.9457,0.9875,0.0417,4.41
2016,NIDCR,15→10,15,10,0.849,0.9737,0.1247,14.69
2016,NIDCR,18→12,18,12,0.6447,0.9457,0.301,46.69
2016,NIDCR,20→15,20,15,0.4606,0.849,0.3884,84.34
2016,NIDDK,12→8,12,8,0.8808,0.9674,0.0866,9.83
2016,NIDDK,15→10,15,10,0.7225,0.9367,0.2142,29.65
2016,NIDDK,18→12,18,12,0.4785,0.8808,0.4023,84.06
2016,NIDDK,20→15,20,15,0.3141,0.7225,0.4084,130.05
2016,NIGMS,12→8,12,8,0.9186,0.9594,0.0408,4.44
2016,NIGMS,15→10,15,10,0.8664,0.9423,0.076,8.77
2016,NIGMS,18→12,18,12,0.7883,0.9186,0.1303,16.54
2016,NIGMS,20→15,20,15,0.7201,0.8664,0.1463,20.32
2016,NIMH,12→8,12,8,0.9428,0.985,0.0422,4.47
2016,NIMH,15→10,15,10,0.8539,0.9705,0.1166,13.65
2016,NIMH,18→12,18,12,0.6745,0.9428,0.2683,39.77
2016,NIMH,20→15,20,15,0.5094,0.8539,0.3446,67.65
2016,NIMHD,12→8,12,8,0.9091,0.9477,0.0386,4.25
2016,NIMHD,15→10,15,10,0.8648,0.9308,0.066,7.63
2016,NIMHD,18→12,18,12,0.8038,0.9091,0.1053,13.1
2016,NIMHD,20→15,20,15,0.7526,0.8648,0.1122,14.91
2016,NINDS,12→8,12,8,0.947,0.9891,0.042,4.44
2016,NINDS,15→10,15,10,0.8413,0.9757,0.1344,15.98
2016,NINDS,18→12,18,12,0.6112,0.947,0.3358,54.95
2016,NINDS,20→15,20,15,0.4114,0.8413,0.4299,104.48
2016,NINR,12→8,12,8,0.7634,0.9635,0.2001,26.22
2016,NINR,15→10,15,10,0.3999,0.9023,0.5023,125.61
2016,NINR,18→12,18,12,0.121,0.7634,0.6424,530.84
2016,NINR,20→15,20,15,0.0459,0.3999,0.354,771.3
2017,ALL NIH,12→8,12,8,0.8185,0.9135,0.0951,11.61
2017,ALL NIH,15→10,15,10,0.7042,0.8735,0.1692,24.03
2017,ALL NIH,18→12,18,12,0.557,0.8185,0.2615,46.96
2017,ALL NIH,20→15,20,15,0.4509,0.7042,0.2533,56.18
2017,NCI,12→8,12,8,0.5117,0.9364,0.4247,82.99
2017,NCI,15→10,15,10,0.1261,0.7972,0.671,531.92
2017,NCI,18→12,18,12,0.0195,0.5117,0.4923,2524.96
2017,NCI,20→15,20,15,0.0053,0.1261,0.1209,2291.52
2017,NEI,12→8,12,8,0.9818,0.9935,0.0117,1.2
2017,NEI,15→10,15,10,0.9609,0.9891,0.0282,2.93
2017,NEI,18→12,18,12,0.9182,0.9818,0.0636,6.92
2017,NEI,20→15,20,15,0.8694,0.9609,0.0915,10.52
2017,NHLBI,12→8,12,8,0.9294,0.9729,0.0435,4.68
2017,NHLBI,15→10,15,10,0.8611,0.9561,0.095,11.03
2017,NHLBI,18→12,18,12,0.7448,0.9294,0.1846,24.79
2017,NHLBI,20→15,20,15,0.6385,0.8611,0.2226,34.86
2017,NIA,12→8,12,8,0.9655,0.9847,0.0192,1.99
2017,NIA,15→10,15,10,0.9374,0.977,0.0396,4.22
2017,NIA,18→12,18,12,0.889,0.9655,0.0765,8.6
2017,NIA,20→15,20,15,0.8407,0.9374,0.0967,11.5
2017,NIAAA,12→8,12,8,0.7962,0.8993,0.1031,12.95
2017,NIAAA,15→10,15,10,0.6776,0.8552,0.1777,26.22
2017,NIAAA,18→12,18,12,0.5306,0.7962,0.2656,50.07
2017,NIAAA,20→15,20,15,0.4278,0.6776,0.2498,58.4
2017,NIAID,12→8,12,8,0.8495,0.9395,0.09,10.59
2017,NIAID,15→10,15,10,0.7255,0.9035,0.178,24.54
2017,NIAID,18→12,18,12,0.5531,0.8495,0.2964,53.6
2017,NIAID,20→15,20,15,0.4273,0.7255,0.2982,69.78
2017,NIAMS,12→8,12,8,0.8425,0.9651,0.1226,14.56
2017,NIAMS,15→10,15,10,0.6092,0.924,0.3148,51.67
2017,NIAMS,18→12,18,12,0.3125,0.8425,0.53,169.61
2017,NIAMS,20→15,20,15,0.1665,0.6092,0.4427,265.82
2017,NICHD,12→8,12,8,0.712,0.9291,0.2171,30.48
2017,NICHD,15→10,15,10,0.4145,0.8506,0.4361,105.2
2017,NICHD,18→12,18,12,0.1685,0.712,0.5435,322.47
2017,NICHD,20→15,20,15,0.0809,0.4145,0.3336,412.18
2017,NIDA,12→8,12,8,0.734,0.8539,0.1199,16.33
2017,NIDA,15→10,15,10,0.6112,0.8007,0.1894,30.99
2017,NIDA,18→12,18,12,0.4724,0.734,0.2616,55.37
2017,NIDA,20→15,20,15,0.381,0.6112,0.2303,60.45
2017,NIDCD,12→8,12,8,0.903,0.9547,0.0517,5.73
2017,NIDCD,15→10,15,10,0.8345,0.9334,0.0989,11.85
2017,NIDCD,18→12,18,12,0.732,0.903,0.171,23.36
2017,NIDCD,20→15,20,15,0.6447,0.8345,0.1898,29.44
2017,NIDCR,12→8,12,8,0.8592,0.9479,0.0886,10.32
2017,NIDCR,15→10,15,10,0.7291,0.9133,0.1842,25.26
2017,NIDCR,18→12,18,12,0.5428,0.8592,0.3164,58.29
2017,NIDCR,20→15,20,15,0.4076,0.7291,0.3216,78.9
2017,NIDDK,12→8,12,8,0.7665,0.9147,0.1483,19.34
2017,NIDDK,15→10,15,10,0.5745,0.8558,0.2813,48.96
2017,NIDDK,18→12,18,12,0.3571,0.7665,0.4094,114.65
2017,NIDDK,20→15,20,15,0.235,0.5745,0.3395,144.46
2017,NIGMS,12→8,12,8,0.9226,0.9611,0.0384,4.16
2017,NIGMS,15→10,15,10,0.8736,0.9449,0.0713,8.16
2017,NIGMS,18→12,18,12,0.8003,0.9226,0.1224,15.29
2017,NIGMS,20→15,20,15,0.7358,0.8736,0.1378,18.73
2017,NIMH,12→8,12,8,0.8955,0.9552,0.0597,6.67
2017,NIMH,15→10,15,10,0.8121,0.9311,0.119,14.65
2017,NIMH,18→12,18,12,0.6856,0.8955,0.2098,30.6
2017,NIMH,20→15,20,15,0.5802,0.8121,0.2319,39.96
2017,NIMHD,12→8,12,8,0.9379,0.9663,0.0284,3.02
2017,NIMHD,15→10,15,10,0.9033,0.9541,0.0508,5.62
2017,NIMHD,18→12,18,12,0.8525,0.9379,0.0854,10.01
2017,NIMHD,20→15,20,15,0.8076,0.9033,0.0957,11.85
2017,NINDS,12→8,12,8,0.8769,0.9595,0.0826,9.42
2017,NINDS,15→10,15,10,0.7431,0.9285,0.1855,24.96
2017,NINDS,18→12,18,12,0.54,0.8769,0.3369,62.38
2017,NINDS,20→15,20,15,0.3916,0.7431,0.3514,89.75
2017,NINR,12→8,12,8,0.5566,0.8335,0.2768,49.73
2017,NINR,15→10,15,10,0.308,0.7148,0.4069,132.11
2017,NINR,18→12,18,12,0.1363,0.5566,0.4204,308.54
2017,NINR,20→15,20,15,0.0732,0.308,0.2347,320.59
2017,NLM,12→8,12,8,0.8599,0.9502,0.0903,10.5
2017,NLM,15→10,15,10,0.7238,0.9155,0.1917,26.48
2017,NLM,18→12,18,12,0.528,0.8599,0.3319,62.86
2017,NLM,20→15,20,15,0.3881,0.7238,0.3357,86.5
2018,ALL NIH,12→8,12,8,0.8397,0.9221,0.0824,9.81
2018,ALL NIH,15→10,15,10,0.7398,0.8873,0.1475,19.93
2018,ALL NIH,18→12,18,12,0.6068,0.8397,0.2329,38.37
2018,ALL NIH,20→15,20,15,0.5067,0.7398,0.2332,46.02
2018,NCI,12→8,12,8,0.3953,0.9027,0.5073,128.33
2018,NCI,15→10,15,10,0.0821,0.7112,0.6291,766.19
2018,NCI,18→12,18,12,0.0121,0.3953,0.3832,3169.95
2018,NCI,20→15,20,15,0.0032,0.0821,0.0789,2435.06
2018,NEI,12→8,12,8,0.9953,0.9986,0.0033,0.33
2018,NEI,15→10,15,10,0.9882,0.9974,0.0092,0.93
2018,NEI,18→12,18,12,0.9709,0.9953,0.0244,2.51
2018,NEI,20→15,20,15,0.9475,0.9882,0.0408,4.3
2018,NHGRI,12→8,12,8,0.9843,0.9962,0.0119,1.21
2018,NHGRI,15→10,15,10,0.9556,0.9922,0.0367,3.84
2018,NHGRI,18→12,18,12,0.8808,0.9843,0.1035,11.75
2018,NHGRI,20→15,20,15,0.7837,0.9556,0.1718,21.92
2018,NHLBI,12→8,12,8,0.9389,0.9749,0.036,3.83
2018,NHLBI,15→10,15,10,0.8846,0.9607,0.076,8.59
2018,NHLBI,18→12,18,12,0.7929,0.9389,0.146,18.42
2018,NHLBI,20→15,20,15,0.7066,0.8846,0.178,25.19
2018,NIA,12→8,12,8,0.9809,0.9914,0.0105,1.07
2018,NIA,15→10,15,10,0.9655,0.9871,0.0216,2.24
2018,NIA,18→12,18,12,0.9386,0.9809,0.0422,4.5
2018,NIA,20→15,20,15,0.9109,0.9655,0.0546,6.0
2018,NIAAA,12→8,12,8,0.9682,0.9887,0.0206,2.12
2018,NIAAA,15→10,15,10,0.9321,0.981,0.0489,5.24
2018,NIAAA,18→12,18,12,0.8611,0.9682,0.1071,12.43
2018,NIAAA,20→15,20,15,0.7849,0.9321,0.1473,18.76
2018,NIAID,12→8,12,8,0.9492,0.9855,0.0363,3.83
2018,NIAID,15→10,15,10,0.8763,0.9727,0.0965,11.01
2018,NIAID,18→12,18,12,0.7286,0.9492,0.2206,30.27
2018,NIAID,20→15,20,15,0.5844,0.8763,0.2919,49.94
2018,NIAMS,12→8,12,8,0.8074,0.9501,0.1427,17.67
2018,NIAMS,15→10,15,10,0.5741,0.8993,0.3253,56.66
2018,NIAMS,18→12,18,12,0.3023,0.8074,0.5051,167.11
2018,NIAMS,20→15,20,15,0.169,0.5741,0.4051,239.77
2018,NICHD,12→8,12,8,0.8897,0.9663,0.0766,8.61
2018,NICHD,15→10,15,10,0.757,0.9384,0.1814,23.96
2018,NICHD,18→12,18,12,0.5459,0.8897,0.3439,62.99
2018,NICHD,20→15,20,15,0.3892,0.757,0.3678,94.49
2018,NIDA,12→8,12,8,0.735,0.8653,0.1303,17.72
2018,NIDA,15→10,15,10,0.5964,0.8085,0.2121,35.56
2018,NIDA,18→12,18,12,0.4405,0.735,0.2945,66.87
2018,NIDA,20→15,20,15,0.341,0.5964,0.2554,74.92
2018,NIDCD,12→8,12,8,0.9559,0.9856,0.0297,3.11
2018,NIDCD,15→10,15,10,0.9016,0.9747,0.0731,8.11
2018,NIDCD,18→12,18,12,0.7948,0.9559,0.1611,20.27
2018,NIDCD,20→15,20,15,0.6857,0.9016,0.2159,31.49
2018,NIDCR,12→8,12,8,0.915,0.9773,0.0624,6.82
2018,NIDCR,15→10,15,10,0.7916,0.9556,0.164,20.72
2018,NIDCR,18→12,18,12,0.5729,0.915,0.342,59.7
2018,NIDCR,20→15,20,15,0.4013,0.7916,0.3903,97.27
2018,NIDDK,12→8,12,8,0.8607,0.9477,0.087,10.11
2018,NIDDK,15→10,15,10,0.7338,0.9136,0.1798,24.5
2018,NIDDK,18→12,18,12,0.5517,0.8607,0.309,56.0
2018,NIDDK,20→15,20,15,0.4182,0.7338,0.3157,75.48
2018,NIGMS,12→8,12,8,0.9063,0.9476,0.0413,4.56
2018,NIGMS,15→10,15,10,0.8581,0.9297,0.0716,8.35
2018,NIGMS,18→12,18,12,0.7908,0.9063,0.1155,14.6
2018,NIGMS,20→15,20,15,0.7343,0.8581,0.1237,16.85
2018,NIMH,12→8,12,8,0.8729,0.9358,0.0629,7.21
2018,NIMH,15→10,15,10,0.7962,0.9092,0.113,14.19
2018,NIMH,18→12,18,12,0.6895,0.8729,0.1834,26.6
2018,NIMH,20→15,20,15,0.6038,0.7962,0.1924,31.86
2018,NIMHD,12→8,12,8,0.8791,0.9405,0.0614,6.98
2018,NIMHD,15→10,15,10,0.8025,0.9147,0.1122,13.98
2018,NIMHD,18→12,18,12,0.6942,0.8791,0.1849,26.64
2018,NIMHD,20→15,20,15,0.6063,0.8025,0.1962,32.36
2018,NINDS,12→8,12,8,0.9543,0.9903,0.0361,3.78
2018,NINDS,15→10,15,10,0.8635,0.9788,0.1154,13.36
2018,NINDS,18→12,18,12,0.6571,0.9543,0.2971,45.22
2018,NINDS,20→15,20,15,0.4637,0.8635,0.3997,86.19
2018,NINR,12→8,12,8,0.9356,0.9844,0.0488,5.22
2018,NINR,15→10,15,10,0.8283,0.968,0.1397,16.86
2018,NINR,18→12,18,12,0.6159,0.9356,0.3196,51.9
2018,NINR,20→15,20,15,0.4349,0.8283,0.3935,90.48
2019,ALL NIH,12→8,12,8,0.8011,0.8956,0.0945,11.8
2019,ALL NIH,15→10,15,10,0.6955,0.8546,0.1591,22.88
2019,ALL NIH,18→12,18,12,0.5643,0.8011,0.2368,41.95
2019,ALL NIH,20→15,20,15,0.4702,0.6955,0.2253,47.91
2019,NCI,12→8,12,8,0.3572,0.8038,0.4466,125.02
2019,NCI,15→10,15,10,0.1105,0.6015,0.491,444.39
2019,NCI,18→12,18,12,0.027,0.3572,0.3302,1222.69
2019,NCI,20→15,20,15,0.0101,0.1105,0.1004,991.86
2019,NEI,12→8,12,8,0.9647,0.9848,0.02,2.08
2019,NEI,15→10,15,10,0.9349,0.9768,0.0419,4.48
2019,NEI,18→12,18,12,0.8828,0.9647,0.0819,9.28
2019,NEI,20→15,20,15,0.8305,0.9349,0.1044,12.56
2019,NHGRI,12→8,12,8,0.8631,0.9647,0.1016,11.77
2019,NHGRI,15→10,15,10,0.6774,0.9292,0.2518,37.17
2019,NHGRI,18→12,18,12,0.4115,0.8631,0.4516,109.72
2019,NHGRI,20→15,20,15,0.2515,0.6774,0.4259,169.32
2019,NHLBI,12→8,12,8,0.922,0.9687,0.0467,5.06
2019,NHLBI,15→10,15,10,0.8517,0.9503,0.0985,11.57
2019,NHLBI,18→12,18,12,0.7363,0.922,0.1856,25.21
2019,NHLBI,20→15,20,15,0.6333,0.8517,0.2185,34.5
2019,NIA,12→8,12,8,0.95,0.9725,0.0224,2.36
2019,NIA,15→10,15,10,0.9228,0.9628,0.04,4.34
2019,NIA,18→12,18,12,0.8826,0.95,0.0674,7.64
2019,NIA,20→15,20,15,0.8466,0.9228,0.0762,9.01
2019,NIAAA,12→8,12,8,0.916,0.9663,0.0503,5.49
2019,NIAAA,15→10,15,10,0.8407,0.9465,0.1058,12.58
2019,NIAAA,18→12,18,12,0.7187,0.916,0.1974,27.46
2019,NIAAA,20→15,20,15,0.6116,0.8407,0.2292,37.47
2019,NIAID,12→8,12,8,0.9068,0.9672,0.0603,6.65
2019,NIAID,15→10,15,10,0.8092,0.9442,0.135,16.68
2019,NIAID,18→12,18,12,0.6489,0.9068,0.2579,39.74
2019,NIAID,20→15,20,15,0.5152,0.8092,0.294,57.07
2019,NIAMS,12→8,12,8,0.8083,0.9482,0.1399,17.3
2019,NIAMS,15→10,15,10,0.5838,0.8978,0.3141,53.8
2019,NIAMS,18→12,18,12,0.318,0.8083,0.4903,154.15
2019,NIAMS,20→15,20,15,0.1829,0.5838,0.4008,219.14
2019,NICHD,12→8,12,8,0.7875,0.9069,0.1194,15.16
2019,NICHD,15→10,15,10,0.6422,0.8573,0.215,33.48
2019,NICHD,18→12,18,12,0.4652,0.7875,0.3223,69.29
2019,NICHD,20→15,20,15,0.3492,0.6422,0.2931,83.94
2019,NIDA,12→8,12,8,0.6262,0.7901,0.1639,26.17
2019,NIDA,15→10,15,10,0.4772,0.7152,0.2379,49.86
2019,NIDA,18→12,18,12,0.3322,0.6262,0.294,88.49
2019,NIDA,20→15,20,15,0.2492,0.4772,0.228,91.5
2019,NIDCD,12→8,12,8,0.9399,0.9836,0.0437,4.65
2019,NIDCD,15→10,15,10,0.8508,0.9684,0.1176,13.82
2019,NIDCD,18→12,18,12,0.6752,0.9399,0.2647,39.21
2019,NIDCD,20→15,20,15,0.5147,0.8508,0.3361,65.29
2019,NIDCR,12→8,12,8,0.8856,0.9504,0.0647,7.31
2019,NIDCR,15→10,15,10,0.7971,0.9241,0.127,15.93
2019,NIDCR,18→12,18,12,0.6659,0.8856,0.2198,33.0
2019,NIDCR,20→15,20,15,0.559,0.7971,0.2381,42.59
2019,NIDDK,12→8,12,8,0.8822,0.9615,0.0793,8.99
2019,NIDDK,15→10,15,10,0.7521,0.9318,0.1798,23.9
2019,NIDDK,18→12,18,12,0.5514,0.8822,0.3308,59.98
2019,NIDDK,20→15,20,15,0.4023,0.7521,0.3498,86.94
2019,NIGMS,12→8,12,8,0.9031,0.9429,0.0398,4.4
2019,NIGMS,15→10,15,10,0.8586,0.9254,0.0668,7.78
2019,NIGMS,18→12,18,12,0.7982,0.9031,0.1049,13.14
2019,NIGMS,20→15,20,15,0.7483,0.8586,0.1103,14.75
2019,NIMH,12→8,12,8,0.9408,0.9786,0.0377,4.01
2019,NIMH,15→10,15,10,0.8783,0.9642,0.0859,9.79
2019,NIMH,18→12,18,12,0.7659,0.9408,0.1749,22.84
2019,NIMH,20→15,20,15,0.6589,0.8783,0.2193,33.29
2019,NIMHD,12→8,12,8,0.6181,0.8407,0.2226,36.02
2019,NIMHD,15→10,15,10,0.4001,0.7451,0.345,86.24
2019,NIMHD,18→12,18,12,0.2155,0.6181,0.4026,186.78
2019,NIMHD,20→15,20,15,0.132,0.4001,0.268,202.98
2019,NINDS,12→8,12,8,0.9024,0.9618,0.0594,6.58
2019,NINDS,15→10,15,10,0.8135,0.9385,0.125,15.37
2019,NINDS,18→12,18,12,0.6729,0.9024,0.2295,34.11
2019,NINDS,20→15,20,15,0.5548,0.8135,0.2586,46.61
2019,NINR,12→8,12,8,0.7828,0.9112,0.1284,16.4
2019,NINR,15→10,15,10,0.6218,0.8588,0.237,38.11
2019,NINR,18→12,18,12,0.4286,0.7828,0.3542,82.63
2019,NINR,20→15,20,15,0.3078,0.6218,0.3141,102.05
2019,NLM,12→8,12,8,0.8781,0.9551,0.077,8.76
2019,NLM,15→10,15,10,0.7619,0.9252,0.1634,21.44
2019,NLM,18→12,18,12,0.5869,0.8781,0.2912,49.61
2019,NLM,20→15,20,15,0.4527,0.7619,0.3092,68.3
2020,ALL NIH,12→8,12,8,0.82,0.9134,0.0933,11.38
2020,ALL NIH,15→10,15,10,0.7083,0.8739,0.1656,23.37
2020,ALL NIH,18→12,18,12,0.5642,0.82,0.2558,45.35
2020,ALL NIH,20→15,20,15,0.4598,0.7083,0.2486,54.06
2020,NCI,12→8,12,8,0.5538,0.924,0.3703,66.87
2020,NCI,15→10,15,10,0.183,0.7953,0.6123,334.53
2020,NCI,18→12,18,12,0.0389,0.5538,0.5149,1324.59
2020,NCI,20→15,20,15,0.0128,0.183,0.1703,1335.04
2020,NEI,12→8,12,8,0.9757,0.9912,0.0155,1.59
2020,NEI,15→10,15,10,0.9489,0.9853,0.0364,3.84
2020,NEI,18→12,18,12,0.8957,0.9757,0.08,8.93
2020,NEI,20→15,20,15,0.8371,0.9489,0.1118,13.36
2020,NHGRI,12→8,12,8,0.7841,0.9265,0.1424,18.17
2020,NHGRI,15→10,15,10,0.5881,0.8712,0.2832,48.15
2020,NHGRI,18→12,18,12,0.3595,0.7841,0.4246,118.1
2020,NHGRI,20→15,20,15,0.2315,0.5881,0.3566,154.03
2020,NHLBI,12→8,12,8,0.9217,0.9703,0.0486,5.28
2020,NHLBI,15→10,15,10,0.8454,0.9515,0.106,12.54
2020,NHLBI,18→12,18,12,0.7177,0.9217,0.204,28.42
2020,NHLBI,20→15,20,15,0.6041,0.8454,0.2414,39.96
2020,NIA,12→8,12,8,0.9071,0.9491,0.042,4.63
2020,NIA,15→10,15,10,0.8573,0.931,0.0737,8.6
2020,NIA,18→12,18,12,0.7871,0.9071,0.12,15.24
2020,NIA,20→15,20,15,0.7279,0.8573,0.1294,17.78
2020,NIAAA,12→8,12,8,0.923,0.9673,0.0443,4.8
2020,NIAAA,15→10,15,10,0.859,0.9496,0.0906,10.55
2020,NIAAA,18→12,18,12,0.7558,0.923,0.1673,22.13
2020,NIAAA,20→15,20,15,0.6633,0.859,0.1957,29.5
2020,NIAID,12→8,12,8,0.9053,0.9634,0.0581,6.42
2020,NIAID,15→10,15,10,0.8173,0.9407,0.1233,15.09
2020,NIAID,18→12,18,12,0.6769,0.9053,0.2284,33.74
2020,NIAID,20→15,20,15,0.5581,0.8173,0.2592,46.44
2020,NIAMS,12→8,12,8,0.7649,0.9481,0.1832,23.95
2020,NIAMS,15→10,15,10,0.4715,0.8852,0.4137,87.75
2020,NIAMS,18→12,18,12,0.1965,0.7649,0.5684,289.25
2020,NIAMS,20→15,20,15,0.0936,0.4715,0.3779,403.94
2020,NICHD,12→8,12,8,0.7704,0.9235,0.1531,19.87
2020,NICHD,15→10,15,10,0.5623,0.8642,0.302,53.7
2020,NICHD,18→12,18,12,0.3296,0.7704,0.4408,133.72
2020,NICHD,20→15,20,15,0.2059,0.5623,0.3564,173.12
2020,NIDA,12→8,12,8,0.5793,0.7875,0.2082,35.94
2020,NIDA,15→10,15,10,0.3959,0.6931,0.2972,75.07
2020,NIDA,18→12,18,12,0.2378,0.5793,0.3415,143.63
2020,NIDA,20→15,20,15,0.1598,0.3959,0.2361,147.78
2020,NIDCD,12→8,12,8,0.9212,0.9748,0.0535,5.81
2020,NIDCD,15→10,15,10,0.8268,0.9551,0.1282,15.51
2020,NIDCD,18→12,18,12,0.6609,0.9212,0.2603,39.39
2020,NIDCD,20→15,20,15,0.5175,0.8268,0.3093,59.77
2020,NIDCR,12→8,12,8,0.9368,0.9721,0.0353,3.77
2020,NIDCR,15→10,15,10,0.8864,0.9579,0.0715,8.07
2020,NIDCR,18→12,18,12,0.8041,0.9368,0.1327,16.5
2020,NIDCR,20→15,20,15,0.7279,0.8864,0.1584,21.76
2020,NIDDK,12→8,12,8,0.9317,0.976,0.0443,4.75
2020,NIDDK,15→10,15,10,0.8575,0.9593,0.1018,11.87
2020,NIDDK,18→12,18,12,0.7263,0.9317,0.2054,28.28
2020,NIDDK,20→15,20,15,0.6059,0.8575,0.2516,41.51
2020,NIGMS,12→8,12,8,0.8674,0.918,0.0506,5.83
2020,NIGMS,15→10,15,10,0.8139,0.8954,0.0815,10.02
2020,NIGMS,18→12,18,12,0.7451,0.8674,0.1224,16.43
2020,NIGMS,20→15,20,15,0.6908,0.8139,0.1231,17.82
2020,NIMH,12→8,12,8,0.8838,0.9529,0.0691,7.81
2020,NIMH,15→10,15,10,0.7851,0.9254,0.1403,17.87
2020,NIMH,18→12,18,12,0.637,0.8838,0.2468,38.75
2020,NIMH,20→15,20,15,0.5184,0.7851,0.2668,51.46
2020,NIMHD,12→8,12,8,0.3658,0.602,0.2362,64.56
2020,NIMHD,15→10,15,10,0.2187,0.483,0.2642,120.81
2020,NIMHD,18→12,18,12,0.1196,0.3658,0.2462,205.84
2020,NIMHD,20→15,20,15,0.0774,0.2187,0.1413,182.55
2020,NINDS,12→8,12,8,0.9102,0.9669,0.0566,6.22
2020,NINDS,15→10,15,10,0.8211,0.9451,0.1239,15.09
2020,NINDS,18→12,18,12,0.6751,0.9102,0.2351,34.82
2020,NINDS,20→15,20,15,0.5506,0.8211,0.2705,49.13
2020,NINR,12→8,12,8,0.7376,0.8798,0.1421,19.27
2020,NINR,15→10,15,10,0.5784,0.8193,0.2409,41.66
2020,NINR,18→12,18,12,0.401,0.7376,0.3366,83.93
2020,NINR,20→15,20,15,0.2933,0.5784,0.2851,97.21
2020,NLM,12→8,12,8,0.5457,0.7345,0.1888,34.61
2020,NLM,15→10,15,10,0.3911,0.6457,0.2546,65.11
2020,NLM,18→12,18,12,0.2557,0.5457,0.29,113.41
2020,NLM,20→15,20,15,0.1846,0.3911,0.2065,111.91
2021,ALL NIH,12→8,12,8,0.798,0.903,0.105,13.16
2021,ALL NIH,15→10,15,10,0.675,0.8584,0.1834,27.17
2021,ALL NIH,18→12,18,12,0.5221,0.798,0.2759,52.85
2021,ALL NIH,20→15,20,15,0.4158,0.675,0.2593,62.36
2021,NCI,12→8,12,8,0.6662,0.9411,0.2749,41.27
2021,NCI,15→10,15,10,0.2953,0.8496,0.5543,187.68
2021,NCI,18→12,18,12,0.0809,0.6662,0.5853,723.55
2021,NCI,20→15,20,15,0.0302,0.2953,0.2652,879.29
2021,NEI,12→8,12,8,0.9282,0.9704,0.0422,4.55
2021,NEI,15→10,15,10,0.8654,0.9537,0.0883,10.2
2021,NEI,18→12,18,12,0.7617,0.9282,0.1665,21.85
2021,NEI,20→15,20,15,0.6674,0.8654,0.198,29.66
2021,NHLBI,12→8,12,8,0.9024,0.9646,0.0623,6.9
2021,NHLBI,15→10,15,10,0.8041,0.9408,0.1366,16.99
2021,NHLBI,18→12,18,12,0.6459,0.9024,0.2565,39.72
2021,NHLBI,20→15,20,15,0.515,0.8041,0.2892,56.15
2021,NIA,12→8,12,8,0.8664,0.9182,0.0517,5.97
2021,NIA,15→10,15,10,0.8114,0.8951,0.0837,10.31
2021,NIA,18→12,18,12,0.7404,0.8664,0.126,17.02
2021,NIA,20→15,20,15,0.6845,0.8114,0.1269,18.54
2021,NIAAA,12→8,12,8,0.8188,0.9118,0.093,11.36
2021,NIAAA,15→10,15,10,0.7084,0.8724,0.164,23.16
2021,NIAAA,18→12,18,12,0.5662,0.8188,0.2526,44.6
2021,NIAAA,20→15,20,15,0.4632,0.7084,0.2451,52.92
2021,NIAID,12→8,12,8,0.841,0.9377,0.0967,11.5
2021,NIAID,15→10,15,10,0.7071,0.8992,0.1922,27.18
2021,NIAID,18→12,18,12,0.5241,0.841,0.3169,60.47
2021,NIAID,20→15,20,15,0.3949,0.7071,0.3121,79.03
2021,NIAMS,12→8,12,8,0.8805,0.9906,0.1101,12.51
2021,NIAMS,15→10,15,10,0.501,0.9653,0.4643,92.67
2021,NIAMS,18→12,18,12,0.1204,0.8805,0.7601,631.34
2021,NIAMS,20→15,20,15,0.035,0.501,0.466,1332.08
2021,NICHD,12→8,12,8,0.7097,0.8672,0.1575,22.19
2021,NICHD,15→10,15,10,0.5392,0.7999,0.2607,48.34
2021,NICHD,18→12,18,12,0.359,0.7097,0.3508,97.72
2021,NICHD,20→15,20,15,0.2552,0.5392,0.284,111.31
2021,NIDA,12→8,12,8,0.4375,0.6708,0.2334,53.35
2021,NIDA,15→10,15,10,0.2741,0.5573,0.2832,103.35
2021,NIDA,18→12,18,12,0.1549,0.4375,0.2826,182.42
2021,NIDA,20→15,20,15,0.1017,0.2741,0.1724,169.47
2021,NIDCD,12→8,12,8,0.9121,0.9687,0.0566,6.21
2021,NIDCD,15→10,15,10,0.8205,0.9471,0.1266,15.44
2021,NIDCD,18→12,18,12,0.6682,0.9121,0.2439,36.5
2021,NIDCD,20→15,20,15,0.5383,0.8205,0.2821,52.41
2021,NIDCR,12→8,12,8,0.8656,0.9221,0.0566,6.54
2021,NIDCR,15→10,15,10,0.803,0.8973,0.0943,11.74
2021,NIDCR,18→12,18,12,0.7207,0.8656,0.1449,20.1
2021,NIDCR,20→15,20,15,0.6555,0.803,0.1475,22.51
2021,NIDDK,12→8,12,8,0.9207,0.9716,0.0509,5.53
2021,NIDDK,15→10,15,10,0.8376,0.9522,0.1146,13.68
2021,NIDDK,18→12,18,12,0.6962,0.9207,0.2245,32.24
2021,NIDDK,20→15,20,15,0.5717,0.8376,0.266,46.52
2021,NIGMS,12→8,12,8,0.8589,0.9153,0.0564,6.57
2021,NIGMS,15→10,15,10,0.7983,0.8903,0.0919,11.52
2021,NIGMS,18→12,18,12,0.7202,0.8589,0.1387,19.26
2021,NIGMS,20→15,20,15,0.6589,0.7983,0.1394,21.16
2021,NIMH,12→8,12,8,0.8737,0.947,0.0732,8.38
2021,NIMH,15→10,15,10,0.7727,0.9175,0.1447,18.73
2021,NIMH,18→12,18,12,0.6255,0.8737,0.2482,39.68
2021,NIMH,20→15,20,15,0.5098,0.7727,0.2629,51.57
2021,NIMHD,12→8,12,8,0.6149,0.8126,0.1977,32.16
2021,NIMHD,15→10,15,10,0.4301,0.7246,0.2946,68.49
2021,NIMHD,18→12,18,12,0.2629,0.6149,0.352,133.9
2021,NIMHD,20→15,20,15,0.1779,0.4301,0.2522,141.76
2021,NINDS,12→8,12,8,0.8468,0.9424,0.0956,11.29
2021,NINDS,15→10,15,10,0.7101,0.9049,0.1948,27.43
2021,NINDS,18→12,18,12,0.5204,0.8468,0.3264,62.73
2021,NINDS,20→15,20,15,0.3867,0.7101,0.3234,83.62
2021,NINR,12→8,12,8,0.6981,0.8583,0.1602,22.95
2021,NINR,15→10,15,10,0.5289,0.7891,0.2602,49.19
2021,NINR,18→12,18,12,0.3529,0.6981,0.3452,97.82
2021,NINR,20→15,20,15,0.252,0.5289,0.2769,109.89
2021,NLM,12→8,12,8,0.7251,0.906,0.181,24.96
2021,NLM,15→10,15,10,0.4994,0.8345,0.3351,67.12
2021,NLM,18→12,18,12,0.2739,0.7251,0.4512,164.7
2021,NLM,20→15,20,15,0.1648,0.4994,0.3346,203.04
2022,ALL NIH,12→8,12,8,0.815,0.9127,0.0977,11.99
2022,ALL NIH,15→10,15,10,0.6973,0.8716,0.1742,24.98
2022,ALL NIH,18→12,18,12,0.5465,0.815,0.2685,49.12
2022,ALL NIH,20→15,20,15,0.439,0.6973,0.2584,58.86
2022,NCI,12→8,12,8,0.7081,0.9498,0.2418,34.14
2022,NCI,15→10,15,10,0.3418,0.8714,0.5296,154.94
2022,NCI,18→12,18,12,0.1001,0.7081,0.608,607.64
2022,NCI,20→15,20,15,0.0383,0.3418,0.3036,793.18
2022,NEI,12→8,12,8,0.9512,0.9833,0.0322,3.38
2022,NEI,15→10,15,10,0.8946,0.9713,0.0767,8.58
2022,NEI,18→12,18,12,0.7872,0.9512,0.164,20.83
2022,NEI,20→15,20,15,0.6801,0.8946,0.2145,31.54
2022,NHGRI,12→8,12,8,0.6901,0.8632,0.1732,25.1
2022,NHGRI,15→10,15,10,0.5047,0.7894,0.2847,56.41
2022,NHGRI,18→12,18,12,0.3181,0.6901,0.372,116.96
2022,NHGRI,20→15,20,15,0.2169,0.5047,0.2878,132.68
2022,NHLBI,12→8,12,8,0.8835,0.9514,0.0679,7.68
2022,NHLBI,15→10,15,10,0.7883,0.9242,0.1358,17.23
2022,NHLBI,18→12,18,12,0.6465,0.8835,0.237,36.67
2022,NHLBI,20→15,20,15,0.5323,0.7883,0.256,48.1
2022,NIA,12→8,12,8,0.9386,0.9692,0.0305,3.25
2022,NIA,15→10,15,10,0.8991,0.9564,0.0573,6.37
2022,NIA,18→12,18,12,0.8385,0.9386,0.1002,11.95
2022,NIA,20→15,20,15,0.7836,0.8991,0.1155,14.74
2022,NIAAA,12→8,12,8,0.8561,0.9198,0.0637,7.44
2022,NIAAA,15→10,15,10,0.7844,0.892,0.1076,13.72
2022,NIAAA,18→12,18,12,0.6898,0.8561,0.1663,24.11
2022,NIAAA,20→15,20,15,0.6156,0.7844,0.1687,27.4
2022,NIAID,12→8,12,8,0.7629,0.9031,0.1402,18.38
2022,NIAID,15→10,15,10,0.5917,0.8455,0.2538,42.9
2022,NIAID,18→12,18,12,0.395,0.7629,0.3679,93.13
2022,NIAID,20→15,20,15,0.2773,0.5917,0.3144,113.39
2022,NIAMS,12→8,12,8,0.8095,0.9558,0.1464,18.08
2022,NIAMS,15→10,15,10,0.5562,0.9056,0.3494,62.83
2022,NIAMS,18→12,18,12,0.2698,0.8095,0.5397,200.01
2022,NIAMS,20→15,20,15,0.1407,0.5562,0.4155,295.31
2022,NICHD,12→8,12,8,0.7297,0.9015,0.1718,23.55
2022,NICHD,15→10,15,10,0.5193,0.8325,0.3133,60.33
2022,NICHD,18→12,18,12,0.3018,0.7297,0.4279,141.81
2022,NICHD,20→15,20,15,0.1901,0.5193,0.3292,173.19
2022,NIDA,12→8,12,8,0.7767,0.9148,0.1381,17.78
2022,NIDA,15→10,15,10,0.5989,0.8594,0.2605,43.49
2022,NIDA,18→12,18,12,0.3906,0.7767,0.386,98.82
2022,NIDA,20→15,20,15,0.2673,0.5989,0.3316,124.04
2022,NIDCD,12→8,12,8,0.9426,0.9839,0.0412,4.37
2022,NIDCD,15→10,15,10,0.8601,0.9694,0.1092,12.7
2022,NIDCD,18→12,18,12,0.6971,0.9426,0.2456,35.23
2022,NIDCD,20→15,20,15,0.5444,0.8601,0.3157,57.99
2022,NIDCR,12→8,12,8,0.9053,0.956,0.0507,5.6
2022,NIDCR,15→10,15,10,0.8379,0.9351,0.0972,11.61
2022,NIDCR,18→12,18,12,0.7363,0.9053,0.169,22.95
2022,NIDCR,20→15,20,15,0.6495,0.8379,0.1884,29.0
2022,NIDDK,12→8,12,8,0.9075,0.9646,0.0571,6.29
2022,NIDDK,15→10,15,10,0.8201,0.9424,0.1223,14.92
2022,NIDDK,18→12,18,12,0.6792,0.9075,0.2283,33.62
2022,NIDDK,20→15,20,15,0.5594,0.8201,0.2606,46.59
2022,NIGMS,12→8,12,8,0.8817,0.9317,0.0501,5.68
2022,NIGMS,15→10,15,10,0.8255,0.9098,0.0842,10.2
2022,NIGMS,18→12,18,12,0.7503,0.8817,0.1313,17.5
2022,NIGMS,20→15,20,15,0.6895,0.8255,0.1361,19.73
2022,NIMH,12→8,12,8,0.8705,0.9514,0.0809,9.29
2022,NIMH,15→10,15,10,0.751,0.9198,0.1688,22.47
2022,NIMH,18→12,18,12,0.5752,0.8705,0.2953,51.35
2022,NIMH,20→15,20,15,0.4425,0.751,0.3086,69.74
2022,NIMHD,12→8,12,8,0.7734,0.8785,0.1051,13.59
2022,NIMHD,15→10,15,10,0.6602,0.8324,0.1722,26.08
2022,NIMHD,18→12,18,12,0.5253,0.7734,0.2481,47.24
2022,NIMHD,20→15,20,15,0.4318,0.6602,0.2284,52.89
2022,NINDS,12→8,12,8,0.8212,0.924,0.1027,12.51
2022,NINDS,15→10,15,10,0.6889,0.8819,0.1931,28.02
2022,NINDS,18→12,18,12,0.5163,0.8212,0.3049,59.05
2022,NINDS,20→15,20,15,0.3963,0.6889,0.2926,73.85
2022,NINR,12→8,12,8,0.7027,0.9496,0.247,35.15
2022,NINR,15→10,15,10,0.3324,0.8697,0.5373,161.67
2022,NINR,18→12,18,12,0.0949,0.7027,0.6077,640.3
2022,NINR,20→15,20,15,0.0358,0.3324,0.2966,828.41
2022,NLM,12→8,12,8,0.7944,0.9773,0.1829,23.02
2022,NLM,15→10,15,10,0.3876,0.9281,0.5405,139.43
2022,NLM,18→12,18,12,0.0939,0.7944,0.7005,745.64
2022,NLM,20→15,20,15,0.0301,0.3876,0.3575,1187.56
2023,ALL NIH,12→8,12,8,0.8281,0.921,0.0929,11.21
2023,ALL NIH,15→10,15,10,0.713,0.8823,0.1693,23.75
2023,ALL NIH,18→12,18,12,0.5615,0.8281,0.2666,47.49
2023,ALL NIH,20→15,20,15,0.4515,0.713,0.2614,57.91
2023,NCI,12→8,12,8,0.7885,0.9722,0.1837,23.3
2023,NCI,15→10,15,10,0.4105,0.9194,0.5089,123.99
2023,NCI,18→12,18,12,0.1151,0.7885,0.6734,585.08
2023,NCI,20→15,20,15,0.0408,0.4105,0.3697,906.87
2023,NEI,12→8,12,8,0.9491,0.9788,0.0297,3.13
2023,NEI,15→10,15,10,0.9044,0.967,0.0626,6.93
2023,NEI,18→12,18,12,0.8275,0.9491,0.1216,14.69
2023,NEI,20→15,20,15,0.7532,0.9044,0.1512,20.08
2023,NHGRI,12→8,12,8,0.7025,0.8809,0.1784,25.39
2023,NHGRI,15→10,15,10,0.5008,0.8069,0.3061,61.12
2023,NHGRI,18→12,18,12,0.2988,0.7025,0.4037,135.09
2023,NHGRI,20→15,20,15,0.1941,0.5008,0.3067,158.02
2023,NHLBI,12→8,12,8,0.866,0.9492,0.0832,9.6
2023,NHLBI,15→10,15,10,0.7447,0.9166,0.1719,23.08
2023,NHLBI,18→12,18,12,0.5682,0.866,0.2978,52.41
2023,NHLBI,20→15,20,15,0.4364,0.7447,0.3083,70.65
2023,NIA,12→8,12,8,0.9606,0.9831,0.0225,2.34
2023,NIA,15→10,15,10,0.927,0.9741,0.0472,5.09
2023,NIA,18→12,18,12,0.8686,0.9606,0.092,10.59
2023,NIA,20→15,20,15,0.8105,0.927,0.1165,14.37
2023,NIAAA,12→8,12,8,0.9001,0.9454,0.0453,5.03
2023,NIAAA,15→10,15,10,0.8466,0.9259,0.0793,9.36
2023,NIAAA,18→12,18,12,0.7718,0.9001,0.1284,16.63
2023,NIAAA,20→15,20,15,0.7092,0.8466,0.1374,19.38
2023,NIAID,12→8,12,8,0.7834,0.9018,0.1184,15.11
2023,NIAID,15→10,15,10,0.6427,0.8522,0.2095,32.6
2023,NIAID,18→12,18,12,0.472,0.7834,0.3114,65.97
2023,NIAID,20→15,20,15,0.3594,0.6427,0.2832,78.81
2023,NIAMS,12→8,12,8,0.686,0.9182,0.2322,33.85
2023,NIAMS,15→10,15,10,0.3902,0.832,0.4418,113.22
2023,NIAMS,18→12,18,12,0.1578,0.686,0.5281,334.59
2023,NIAMS,20→15,20,15,0.0764,0.3902,0.3139,411.03
2023,NICHD,12→8,12,8,0.7012,0.8339,0.1327,18.93
2023,NICHD,15→10,15,10,0.5702,0.7744,0.2042,35.82
2023,NICHD,18→12,18,12,0.4285,0.7012,0.2727,63.63
2023,NICHD,20→15,20,15,0.3389,0.5702,0.2313,68.24
2023,NIDA,12→8,12,8,0.6616,0.8078,0.1463,22.11
2023,NIDA,15→10,15,10,0.524,0.7414,0.2174,41.49
2023,NIDA,18→12,18,12,0.3827,0.6616,0.2789,72.89
2023,NIDA,20→15,20,15,0.2971,0.524,0.2269,76.36
2023,NIDCD,12→8,12,8,0.8697,0.9219,0.0522,6.0
2023,NIDCD,15→10,15,10,0.8133,0.8987,0.0855,10.51
2023,NIDCD,18→12,18,12,0.7396,0.8697,0.1301,17.59
2023,NIDCD,20→15,20,15,0.6812,0.8133,0.1321,19.39
2023,NIDCR,12→8,12,8,0.8715,0.9414,0.0699,8.02
2023,NIDCR,15→10,15,10,0.7803,0.9126,0.1323,16.95
2023,NIDCR,18→12,18,12,0.6503,0.8715,0.2212,34.01
2023,NIDCR,20→15,20,15,0.5472,0.7803,0.2331,42.6
2023,NIDDK,12→8,12,8,0.9244,0.974,0.0496,5.37
2023,NIDDK,15→10,15,10,0.8408,0.9553,0.1146,13.63
2023,NIDDK,18→12,18,12,0.6952,0.9244,0.2292,32.97
2023,NIDDK,20→15,20,15,0.5658,0.8408,0.2749,48.59
2023,NIGMS,12→8,12,8,0.8429,0.9096,0.0666,7.91
2023,NIGMS,15→10,15,10,0.7701,0.8802,0.1101,14.29
2023,NIGMS,18→12,18,12,0.6765,0.8429,0.1664,24.6
2023,NIGMS,20→15,20,15,0.6044,0.7701,0.1658,27.43
2023,NIMH,12→8,12,8,0.9076,0.9644,0.0568,6.26
2023,NIMH,15→10,15,10,0.8209,0.9422,0.1213,14.77
2023,NIMH,18→12,18,12,0.6816,0.9076,0.2259,33.15
2023,NIMH,20→15,20,15,0.5631,0.8209,0.2579,45.8
2023,NIMHD,12→8,12,8,0.8427,0.918,0.0754,8.94
2023,NIMHD,15→10,15,10,0.7549,0.8856,0.1308,17.32
2023,NIMHD,18→12,18,12,0.6391,0.8427,0.2035,31.84
2023,NIMHD,20→15,20,15,0.5505,0.7549,0.2044,37.13
2023,NINDS,12→8,12,8,0.9083,0.9723,0.064,7.04
2023,NINDS,15→10,15,10,0.7933,0.9491,0.1558,19.64
2023,NINDS,18→12,18,12,0.5978,0.9083,0.3105,51.94
2023,NINDS,20→15,20,15,0.4413,0.7933,0.352,79.76
2023,NINR,12→8,12,8,0.8841,0.9494,0.0653,7.38
2023,NINR,15→10,15,10,0.7953,0.9229,0.1276,16.05
2023,NINR,18→12,18,12,0.6642,0.8841,0.22,33.12
2023,NINR,20→15,20,15,0.5577,0.7953,0.2376,42.6
2023,NLM,12→8,12,8,0.953,0.9842,0.0312,3.28
2023,NLM,15→10,15,10,0.8972,0.9726,0.0754,8.4
2023,NLM,18→12,18,12,0.7901,0.953,0.1629,20.61
2023,NLM,20→15,20,15,0.6823,0.8972,0.2149,31.49
2024,ALL NIH,12→8,12,8,0.7581,0.8911,0.1329,17.53
2024,ALL NIH,15→10,15,10,0.6042,0.8351,0.2308,38.2
2024,ALL NIH,18→12,18,12,0.4265,0.7581,0.3316,77.76
2024,ALL NIH,20→15,20,15,0.3152,0.6042,0.289,91.67
2024,NCI,12→8,12,8,0.5881,0.9017,0.3136,53.33
2024,NCI,15→10,15,10,0.2613,0.7835,0.5223,199.88
2024,NCI,18→12,18,12,0.0806,0.5881,0.5075,630.02
2024,NCI,20→15,20,15,0.0334,0.2613,0.2279,682.16
2024,NEI,12→8,12,8,0.9421,0.9747,0.0326,3.46
2024,NEI,15→10,15,10,0.8949,0.9616,0.0667,7.45
2024,NEI,18→12,18,12,0.8169,0.9421,0.1252,15.32
2024,NEI,20→15,20,15,0.7435,0.8949,0.1514,20.37
2024,NHGRI,12→8,12,8,0.565,0.7869,0.2219,39.28
2024,NHGRI,15→10,15,10,0.3723,0.6865,0.3142,84.41
2024,NHGRI,18→12,18,12,0.2131,0.565,0.3519,165.09
2024,NHGRI,20→15,20,15,0.1384,0.3723,0.2339,169.01
2024,NHLBI,12→8,12,8,0.8079,0.9128,0.1049,12.99
2024,NHLBI,15→10,15,10,0.6796,0.869,0.1894,27.86
2024,NHLBI,18→12,18,12,0.517,0.8079,0.2908,56.25
2024,NHLBI,20→15,20,15,0.4042,0.6796,0.2754,68.13
2024,NIA,12→8,12,8,0.9598,0.9894,0.0295,3.08
2024,NIA,15→10,15,10,0.896,0.9792,0.0832,9.29
2024,NIA,18→12,18,12,0.7565,0.9598,0.2033,26.88
2024,NIA,20→15,20,15,0.6115,0.896,0.2845,46.53
2024,NIAAA,12→8,12,8,0.8698,0.9343,0.0645,7.42
2024,NIAAA,15→10,15,10,0.7912,0.907,0.1158,14.64
2024,NIAAA,18→12,18,12,0.6824,0.8698,0.1874,27.46
2024,NIAAA,20→15,20,15,0.5955,0.7912,0.1957,32.86
2024,NIAID,12→8,12,8,0.6968,0.8463,0.1496,21.47
2024,NIAID,15→10,15,10,0.544,0.7806,0.2366,43.5
2024,NIAID,18→12,18,12,0.3824,0.6968,0.3143,82.2
2024,NIAID,20→15,20,15,0.2857,0.544,0.2583,90.4
2024,NIAMS,12→8,12,8,0.6704,0.8948,0.2244,33.47
2024,NIAMS,15→10,15,10,0.4102,0.8062,0.396,96.53
2024,NIAMS,18→12,18,12,0.1921,0.6704,0.4783,248.93
2024,NIAMS,20→15,20,15,0.1042,0.4102,0.306,293.76
2024,NICHD,12→8,12,8,0.6664,0.8466,0.1803,27.05
2024,NICHD,15→10,15,10,0.4823,0.7685,0.2862,59.34
2024,NICHD,18→12,18,12,0.303,0.6664,0.3634,119.93
2024,NICHD,20→15,20,15,0.2073,0.4823,0.2751,132.7
2024,NIDA,12→8,12,8,0.7132,0.8632,0.15,21.03
2024,NIDA,15→10,15,10,0.553,0.7984,0.2454,44.37
2024,NIDA,18→12,18,12,0.381,0.7132,0.3322,87.19
2024,NIDA,20→15,20,15,0.2787,0.553,0.2743,98.4
2024,NIDCD,12→8,12,8,0.8886,0.9521,0.0635,7.15
2024,NIDCD,15→10,15,10,0.8008,0.9264,0.1256,15.69
2024,NIDCD,18→12,18,12,0.6696,0.8886,0.219,32.71
2024,NIDCD,20→15,20,15,0.5621,0.8008,0.2387,42.47
2024,NIDCR,12→8,12,8,0.6958,0.7988,0.1029,14.79
2024,NIDCR,15→10,15,10,0.6021,0.7508,0.1487,24.69
2024,NIDCR,18→12,18,12,0.5003,0.6958,0.1955,39.08
2024,NIDCR,20→15,20,15,0.4319,0.6021,0.1703,39.43
2024,NIDDK,12→8,12,8,0.8513,0.9472,0.0959,11.27
2024,NIDDK,15→10,15,10,0.7085,0.9102,0.2018,28.48
2024,NIDDK,18→12,18,12,0.5077,0.8513,0.3436,67.69
2024,NIDDK,20→15,20,15,0.368,0.7085,0.3404,92.5
2024,NIGMS,12→8,12,8,0.64,0.8258,0.1857,29.02
2024,NIGMS,15→10,15,10,0.4601,0.7438,0.2837,61.64
2024,NIGMS,18→12,18,12,0.2901,0.64,0.35,120.66
2024,NIGMS,20→15,20,15,0.2002,0.4601,0.26,129.89
2024,NIMH,12→8,12,8,0.9272,0.9778,0.0506,5.46
2024,NIMH,15→10,15,10,0.8337,0.9595,0.1258,15.08
2024,NIMH,18→12,18,12,0.6639,0.9272,0.2633,39.66
2024,NIMH,20→15,20,15,0.5149,0.8337,0.3189,61.93
2024,NIMHD,12→8,12,8,0.6111,0.7458,0.1347,22.04
2024,NIMHD,15→10,15,10,0.4959,0.6823,0.1864,37.58
2024,NIMHD,18→12,18,12,0.3811,0.6111,0.23,60.34
2024,NIMHD,20→15,20,15,0.3107,0.4959,0.1852,59.62
2024,NINDS,12→8,12,8,0.6889,0.9089,0.22,31.93
2024,NINDS,15→10,15,10,0.4174,0.8246,0.4072,97.58
2024,NINDS,18→12,18,12,0.1881,0.6889,0.5009,266.3
2024,NINDS,20→15,20,15,0.0984,0.4174,0.3189,324.13
2024,NINR,12→8,12,8,0.8744,0.943,0.0686,7.85
2024,NINR,15→10,15,10,0.7843,0.9147,0.1304,16.63
2024,NINR,18→12,18,12,0.6552,0.8744,0.2192,33.45
2024,NINR,20→15,20,15,0.5521,0.7843,0.2322,42.06
2024,NLM,12→8,12,8,0.9841,0.9965,0.0125,1.27
2024,NLM,15→10,15,10,0.9512,0.9926,0.0414,4.35
2024,NLM,18→12,18,12,0.86,0.9841,0.1241,14.43
2024,NLM,20→15,20,15,0.7399,0.9512,0.2113,28.55
2025,ALL NIH,12→8,12,8,0.4448,0.6913,0.2465,55.42
2025,ALL NIH,15→10,15,10,0.2704,0.5726,0.3022,111.77
2025,ALL NIH,18→12,18,12,0.1463,0.4448,0.2985,203.99
2025,ALL NIH,20→15,20,15,0.093,0.2704,0.1774,190.79
2025,NCI,12→8,12,8,0.0976,0.4838,0.3861,395.52
2025,NCI,15→10,15,10,0.021,0.2415,0.2205,1051.21
2025,NCI,18→12,18,12,0.0042,0.0976,0.0934,2210.06
2025,NCI,20→15,20,15,0.0014,0.021,0.0195,1356.85
2025,NEI,12→8,12,8,0.7283,0.8682,0.1399,19.22
2025,NEI,15→10,15,10,0.5772,0.8078,0.2306,39.95
2025,NEI,18→12,18,12,0.4102,0.7283,0.3181,77.56
2025,NEI,20→15,20,15,0.3072,0.5772,0.27,87.87
2025,NHGRI,12→8,12,8,0.0528,0.2684,0.2156,408.62
2025,NHGRI,15→10,15,10,0.0134,0.1251,0.1117,835.48
2025,NHGRI,18→12,18,12,0.0033,0.0528,0.0495,1506.01
2025,NHGRI,20→15,20,15,0.0013,0.0134,0.0121,942.15
2025,NHLBI,12→8,12,8,0.7108,0.9079,0.1971,27.74
2025,NHLBI,15→10,15,10,0.4643,0.8311,0.3668,78.99
2025,NHLBI,18→12,18,12,0.2342,0.7108,0.4766,203.49
2025,NHLBI,20→15,20,15,0.1325,0.4643,0.3319,250.56
2025,NIA,12→8,12,8,0.2342,0.525,0.2908,124.2
2025,NIA,15→10,15,10,0.1045,0.3676,0.2632,251.96
2025,NIA,18→12,18,12,0.0426,0.2342,0.1916,449.76
2025,NIA,20→15,20,15,0.0229,0.1045,0.0816,356.83
2025,NIAAA,12→8,12,8,0.5232,0.6413,0.1181,22.56
2025,NIAAA,15→10,15,10,0.4322,0.5834,0.1513,35.0
2025,NIAAA,18→12,18,12,0.3455,0.5232,0.1777,51.45
2025,NIAAA,20→15,20,15,0.2926,0.4322,0.1396,47.72
2025,NIAID,12→8,12,8,0.5735,0.8048,0.2313,40.33
2025,NIAID,15→10,15,10,0.3672,0.7019,0.3347,91.15
2025,NIAID,18→12,18,12,0.2003,0.5735,0.3732,186.37
2025,NIAID,20→15,20,15,0.1251,0.3672,0.2421,193.5
2025,NIAMS,12→8,12,8,0.5314,0.8159,0.2845,53.55
2025,NIAMS,15→10,15,10,0.2897,0.6915,0.4018,138.69
2025,NIAMS,18→12,18,12,0.128,0.5314,0.4034,315.29
2025,NIAMS,20→15,20,15,0.0691,0.2897,0.2206,319.35
2025,NICHD,12→8,12,8,0.5251,0.7378,0.2127,40.51
2025,NICHD,15→10,15,10,0.3543,0.6382,0.2839,80.11
2025,NICHD,18→12,18,12,0.2141,0.5251,0.311,145.3
2025,NICHD,20→15,20,15,0.1458,0.3543,0.2085,142.97
2025,NIDA,12→8,12,8,0.4174,0.6714,0.254,60.85
2025,NIDA,15→10,15,10,0.2461,0.5475,0.3013,122.45
2025,NIDA,18→12,18,12,0.1295,0.4174,0.2879,222.31
2025,NIDA,20→15,20,15,0.081,0.2461,0.1651,203.98
2025,NIDCD,12→8,12,8,0.6043,0.8235,0.2192,36.28
2025,NIDCD,15→10,15,10,0.3979,0.7275,0.3296,82.84
2025,NIDCD,18→12,18,12,0.2224,0.6043,0.382,171.78
2025,NIDCD,20→15,20,15,0.1406,0.3979,0.2573,183.03
2025,NIDCR,12→8,12,8,0.6579,0.765,0.1071,16.28
2025,NIDCR,15→10,15,10,0.5644,0.7145,0.15,26.58
2025,NIDCR,18→12,18,12,0.4661,0.6579,0.1918,41.14
2025,NIDCR,20→15,20,15,0.4016,0.5644,0.1628,40.55
2025,NIDDK,12→8,12,8,0.3589,0.6423,0.2834,78.95
2025,NIDDK,15→10,15,10,0.1894,0.5007,0.3113,164.39
2025,NIDDK,18→12,18,12,0.0888,0.3589,0.2701,304.13
2025,NIDDK,20→15,20,15,0.0516,0.1894,0.1378,266.88
2025,NIGMS,12→8,12,8,0.3263,0.4959,0.1697,52.0
2025,NIGMS,15→10,15,10,0.2215,0.4084,0.1868,84.34
2025,NIGMS,18→12,18,12,0.1433,0.3263,0.183,127.72
2025,NIGMS,20→15,20,15,0.105,0.2215,0.1165,110.97
2025,NIMH,12→8,12,8,0.4198,0.6108,0.1909,45.48
2025,NIMH,15→10,15,10,0.2882,0.5159,0.2276,78.97
2025,NIMH,18→12,18,12,0.1848,0.4198,0.2351,127.23
2025,NIMH,20→15,20,15,0.1334,0.2882,0.1549,116.11
2025,NIMHD,12→8,12,8,0.2121,0.3249,0.1128,53.18
2025,NIMHD,15→10,15,10,0.1483,0.2646,0.1164,78.47
2025,NIMHD,18→12,18,12,0.1012,0.2121,0.1109,109.54
2025,NIMHD,20→15,20,15,0.0777,0.1483,0.0706,90.89
2025,NINDS,12→8,12,8,0.1804,0.7062,0.5258,291.46
2025,NINDS,15→10,15,10,0.0353,0.4211,0.3858,1091.4
2025,NINDS,18→12,18,12,0.0061,0.1804,0.1743,2875.96
2025,NINDS,20→15,20,15,0.0018,0.0353,0.0335,1818.65
2025,NINR,12→8,12,8,0.463,0.5566,0.0936,20.22
2025,NINR,15→10,15,10,0.3941,0.5099,0.1158,29.38
2025,NINR,18→12,18,12,0.3292,0.463,0.1338,40.65
2025,NINR,20→15,20,15,0.2891,0.3941,0.105,36.32
2025,NLM,12→8,12,8,0.7064,0.9272,0.2208,31.26
2025,NLM,15→10,15,10,0.408,0.847,0.439,107.6
2025,NLM,18→12,18,12,0.1649,0.7064,0.5416,328.47
2025,NLM,20→15,20,15,0.079,0.408,0.329,416.44
